Task ID,Host,Executor ID,Locality,Launch Time,Finish Time,Getting Result Time,Shuffle Bytes Written,Shuffle Write Time,Shuffle Records Written,Executor Run Time,Executor Deserialize Time,JVM GC Time,Result Size,Memory Bytes Spilled,Disk Bytes Spilled,Stage ID,Task Type,Reason
1,10.0.0.6,3,PROCESS_LOCAL,1481578484784,1481578490535,0,NOVAL,NOVAL,NOVAL,3196,2494,0,2315,0,0,0,ResultTask,Success
2,10.0.0.6,3,PROCESS_LOCAL,1481578484811,1481578490564,0,NOVAL,NOVAL,NOVAL,3179,2455,0,20276,0,0,1,ResultTask,Success
0,10.0.0.5,10,PROCESS_LOCAL,1481578484767,1481578491202,0,NOVAL,NOVAL,NOVAL,3803,2550,0,3779,0,0,0,ResultTask,Success
3,10.0.0.5,4,PROCESS_LOCAL,1481578484828,1481578491271,0,NOVAL,NOVAL,NOVAL,3781,2587,0,17486,0,0,1,ResultTask,Success
4,10.0.0.5,4,PROCESS_LOCAL,1481578492983,1481578521655,0,12076,256161625,159,28169,401,879,3297,0,0,2,ShuffleMapTask,Success
13,10.0.0.5,10,PROCESS_LOCAL,1481578493021,1481578522740,0,12078,223382293,159,29402,242,860,3298,0,0,2,ShuffleMapTask,Success
15,10.0.0.5,4,PROCESS_LOCAL,1481578493027,1481578523249,0,12073,284143650,159,29784,390,902,3297,0,0,2,ShuffleMapTask,Success
24,10.0.0.5,10,PROCESS_LOCAL,1481578493054,1481578523562,0,12069,258922525,159,30224,240,891,3298,0,0,2,ShuffleMapTask,Success
20,10.0.0.6,3,PROCESS_LOCAL,1481578493044,1481578524334,0,12017,185154414,158,31016,192,1013,3297,0,0,2,ShuffleMapTask,Success
5,10.0.0.8,6,PROCESS_LOCAL,1481578492989,1481578524922,0,12012,308199443,158,29245,2587,585,3297,0,0,2,ShuffleMapTask,Success
9,10.0.0.6,3,PROCESS_LOCAL,1481578493006,1481578525292,0,12065,228075496,159,31980,203,1039,3297,0,0,2,ShuffleMapTask,Success
16,10.0.0.8,6,PROCESS_LOCAL,1481578493031,1481578525378,0,12064,157750793,159,29698,2580,585,3297,0,0,2,ShuffleMapTask,Success
25,10.0.0.13,11,PROCESS_LOCAL,1481578493057,1481578527730,0,12062,306118061,159,31616,2975,773,3300,0,0,2,ShuffleMapTask,Success
12,10.0.0.13,5,PROCESS_LOCAL,1481578493016,1481578528541,0,12046,258056362,159,32365,3005,850,3299,0,0,2,ShuffleMapTask,Success
22,10.0.0.12,2,PROCESS_LOCAL,1481578493049,1481578528544,0,12066,279233865,159,32530,2870,915,3299,0,0,2,ShuffleMapTask,Success
14,10.0.0.13,11,PROCESS_LOCAL,1481578493024,1481578528618,0,12086,170030700,159,32509,2979,773,3300,0,0,2,ShuffleMapTask,Success
8,10.0.0.6,9,PROCESS_LOCAL,1481578493002,1481578528637,0,12070,337204773,159,32167,3352,664,3297,0,0,2,ShuffleMapTask,Success
6,10.0.0.4,1,PROCESS_LOCAL,1481578492993,1481578528787,0,12067,214628143,159,32677,2991,781,3297,0,0,2,ShuffleMapTask,Success
17,10.0.0.4,1,PROCESS_LOCAL,1481578493034,1481578528826,0,12027,395781258,159,32717,2998,781,3297,0,0,2,ShuffleMapTask,Success
23,10.0.0.13,5,PROCESS_LOCAL,1481578493052,1481578529119,0,12039,153629132,159,32938,3005,850,3299,0,0,2,ShuffleMapTask,Success
10,10.0.0.12,8,PROCESS_LOCAL,1481578493009,1481578529134,0,12006,316867687,158,32920,3085,905,3299,0,0,2,ShuffleMapTask,Success
19,10.0.0.6,9,PROCESS_LOCAL,1481578493040,1481578529156,0,12065,275287303,159,32691,3340,664,3297,0,0,2,ShuffleMapTask,Success
11,10.0.0.12,2,PROCESS_LOCAL,1481578493013,1481578529227,0,12002,138646481,158,33228,2861,915,3299,0,0,2,ShuffleMapTask,Success
21,10.0.0.12,8,PROCESS_LOCAL,1481578493047,1481578529267,0,12083,256898950,159,33037,3095,905,3299,0,0,2,ShuffleMapTask,Success
18,10.0.0.4,7,PROCESS_LOCAL,1481578493037,1481578529453,0,12065,258507980,159,33315,3004,793,3297,0,0,2,ShuffleMapTask,Success
7,10.0.0.4,7,PROCESS_LOCAL,1481578492997,1481578529638,0,12054,187531804,159,33511,3013,793,3297,0,0,2,ShuffleMapTask,Success
27,10.0.0.5,10,PROCESS_LOCAL,1481578522741,1481578548307,0,12027,206463181,158,25465,60,264,3298,0,0,2,ShuffleMapTask,Success
31,10.0.0.8,6,PROCESS_LOCAL,1481578524921,1481578548806,0,12030,142606594,158,23816,52,254,3297,0,0,2,ShuffleMapTask,Success
26,10.0.0.5,4,PROCESS_LOCAL,1481578521652,1481578549180,0,12032,214245890,159,27434,59,326,3297,0,0,2,ShuffleMapTask,Success
28,10.0.0.5,4,PROCESS_LOCAL,1481578523247,1481578549223,0,12100,165394243,159,25855,89,303,3297,0,0,2,ShuffleMapTask,Success
33,10.0.0.8,6,PROCESS_LOCAL,1481578525375,1481578549389,0,12077,199525753,159,23953,44,254,3297,0,0,2,ShuffleMapTask,Success
29,10.0.0.5,10,PROCESS_LOCAL,1481578523560,1481578550200,0,12062,138930421,159,26542,76,251,3298,0,0,2,ShuffleMapTask,Success
30,10.0.0.6,3,PROCESS_LOCAL,1481578524333,1481578550604,0,12056,141614017,159,26182,69,291,3297,0,0,2,ShuffleMapTask,Success
32,10.0.0.6,3,PROCESS_LOCAL,1481578525290,1481578551350,0,12065,115045605,159,25966,64,265,3297,0,0,2,ShuffleMapTask,Success
34,10.0.0.13,11,PROCESS_LOCAL,1481578527728,1481578553569,0,12063,152945134,159,25754,68,252,3300,0,0,2,ShuffleMapTask,Success
36,10.0.0.13,5,PROCESS_LOCAL,1481578528540,1481578554231,0,12064,120914397,159,25616,51,223,3299,0,0,2,ShuffleMapTask,Success
37,10.0.0.13,11,PROCESS_LOCAL,1481578528617,1481578554420,0,12038,156684144,159,25592,170,252,3300,0,0,2,ShuffleMapTask,Success
35,10.0.0.12,2,PROCESS_LOCAL,1481578528538,1481578554789,0,12036,171896201,159,26149,60,277,3299,0,0,2,ShuffleMapTask,Success
39,10.0.0.4,1,PROCESS_LOCAL,1481578528785,1481578554906,0,12080,132939434,159,26016,82,253,3297,0,0,2,ShuffleMapTask,Success
43,10.0.0.6,9,PROCESS_LOCAL,1481578529155,1481578555223,0,12061,180840691,159,25929,123,262,3297,0,0,2,ShuffleMapTask,Success
38,10.0.0.6,9,PROCESS_LOCAL,1481578528635,1481578555346,0,12065,160504006,159,26632,63,262,3297,0,0,2,ShuffleMapTask,Success
41,10.0.0.13,5,PROCESS_LOCAL,1481578529116,1481578555414,0,12025,189299580,158,26182,90,223,3299,0,0,2,ShuffleMapTask,Success
40,10.0.0.4,1,PROCESS_LOCAL,1481578528825,1481578555705,0,12063,169766284,159,26720,115,253,3297,0,0,2,ShuffleMapTask,Success
42,10.0.0.12,8,PROCESS_LOCAL,1481578529133,1481578555754,0,12082,256380852,159,26482,103,268,3299,0,0,2,ShuffleMapTask,Success
45,10.0.0.12,8,PROCESS_LOCAL,1481578529266,1481578555879,0,12055,166305098,159,26450,132,268,3299,0,0,2,ShuffleMapTask,Success
47,10.0.0.4,7,PROCESS_LOCAL,1481578529637,1481578556307,0,12062,165477748,159,26576,65,310,3297,0,0,2,ShuffleMapTask,Success
46,10.0.0.4,7,PROCESS_LOCAL,1481578529452,1481578556351,0,12067,218878788,159,26804,59,310,3297,0,0,2,ShuffleMapTask,Success
44,10.0.0.12,2,PROCESS_LOCAL,1481578529226,1481578556647,0,11974,168572999,157,27329,59,277,3299,0,0,2,ShuffleMapTask,Success
51,10.0.0.5,4,PROCESS_LOCAL,1481578549221,1481578572802,0,12080,233213906,159,23520,49,170,3297,0,0,2,ShuffleMapTask,Success
52,10.0.0.8,6,PROCESS_LOCAL,1481578549388,1481578573056,0,12027,180004931,158,23622,26,126,3297,0,0,2,ShuffleMapTask,Success
49,10.0.0.8,6,PROCESS_LOCAL,1481578548804,1481578573067,0,12049,142951900,159,24195,48,126,3297,0,0,2,ShuffleMapTask,Success
50,10.0.0.5,4,PROCESS_LOCAL,1481578549179,1481578574307,0,12078,120311206,159,25072,35,170,3297,0,0,2,ShuffleMapTask,Success
53,10.0.0.5,10,PROCESS_LOCAL,1481578550199,1481578575697,0,12050,134763817,159,25436,32,95,3298,0,0,2,ShuffleMapTask,Success
54,10.0.0.6,3,PROCESS_LOCAL,1481578550602,1481578576179,0,12064,142502321,159,25515,34,211,3297,0,0,2,ShuffleMapTask,Success
55,10.0.0.6,3,PROCESS_LOCAL,1481578551349,1481578576647,0,12073,110054882,159,25241,45,211,3297,0,0,2,ShuffleMapTask,Success
48,10.0.0.5,10,PROCESS_LOCAL,1481578548305,1481578577213,0,12061,126026511,159,28853,40,113,3298,0,0,2,ShuffleMapTask,Success
58,10.0.0.13,11,PROCESS_LOCAL,1481578554419,1481578579213,0,12089,136335362,159,24743,32,182,3300,0,0,2,ShuffleMapTask,Success
57,10.0.0.13,5,PROCESS_LOCAL,1481578554230,1481578579583,0,12097,189160780,159,25278,40,157,3299,0,0,2,ShuffleMapTask,Success
65,10.0.0.12,8,PROCESS_LOCAL,1481578555754,1481578580289,0,12043,182959309,159,24457,49,178,3299,0,0,2,ShuffleMapTask,Success
60,10.0.0.4,1,PROCESS_LOCAL,1481578554904,1481578580415,0,12039,118002252,159,25425,61,95,3297,0,0,2,ShuffleMapTask,Success
63,10.0.0.13,5,PROCESS_LOCAL,1481578555413,1481578580732,0,12027,202350334,158,25277,26,157,3299,0,0,2,ShuffleMapTask,Success
62,10.0.0.6,9,PROCESS_LOCAL,1481578555344,1481578580887,0,12078,258976832,159,25495,31,191,3297,0,0,2,ShuffleMapTask,Success
66,10.0.0.12,8,PROCESS_LOCAL,1481578555878,1481578580956,0,12042,149906887,159,25014,33,178,3299,0,0,2,ShuffleMapTask,Success
64,10.0.0.4,1,PROCESS_LOCAL,1481578555701,1481578581037,0,12020,227800899,158,25273,43,95,3297,0,0,2,ShuffleMapTask,Success
56,10.0.0.13,11,PROCESS_LOCAL,1481578553567,1481578581237,0,12060,217930099,159,27581,52,208,3300,0,0,2,ShuffleMapTask,Success
61,10.0.0.6,9,PROCESS_LOCAL,1481578555221,1481578581786,0,12082,112655093,159,26471,70,191,3297,0,0,2,ShuffleMapTask,Success
68,10.0.0.4,7,PROCESS_LOCAL,1481578556349,1481578582161,0,12016,165725131,158,25750,38,202,3297,0,0,2,ShuffleMapTask,Success
67,10.0.0.4,7,PROCESS_LOCAL,1481578556306,1481578582170,0,12057,181962834,159,25781,51,202,3297,0,0,2,ShuffleMapTask,Success
59,10.0.0.12,2,PROCESS_LOCAL,1481578554784,1481578582290,0,12068,230401133,159,27396,33,141,3299,0,0,2,ShuffleMapTask,Success
69,10.0.0.12,2,PROCESS_LOCAL,1481578556646,1481578584604,0,12099,114913568,159,27902,33,141,3299,0,0,2,ShuffleMapTask,Success
72,10.0.0.8,6,PROCESS_LOCAL,1481578573066,1481578596862,0,12019,131860727,158,23757,29,76,3297,0,0,2,ShuffleMapTask,Success
71,10.0.0.8,6,PROCESS_LOCAL,1481578573054,1481578596905,0,11967,150209138,157,23800,38,76,3297,0,0,2,ShuffleMapTask,Success
70,10.0.0.5,4,PROCESS_LOCAL,1481578572799,1481578598211,0,12037,155964935,158,25354,38,107,3297,0,0,2,ShuffleMapTask,Success
73,10.0.0.5,4,PROCESS_LOCAL,1481578574305,1481578599326,0,12078,117748902,159,24939,54,142,3297,0,0,2,ShuffleMapTask,Success
74,10.0.0.5,10,PROCESS_LOCAL,1481578575696,1481578600832,0,12098,125881610,159,25070,44,140,3298,0,0,2,ShuffleMapTask,Success
75,10.0.0.6,3,PROCESS_LOCAL,1481578576178,1481578601598,0,12101,108938479,159,25379,32,142,3297,0,0,2,ShuffleMapTask,Success
77,10.0.0.5,10,PROCESS_LOCAL,1481578577212,1481578602378,0,12006,158431939,158,25102,37,140,3298,0,0,2,ShuffleMapTask,Success
76,10.0.0.6,3,PROCESS_LOCAL,1481578576646,1481578602430,0,12067,162412809,159,25746,24,142,3297,0,0,2,ShuffleMapTask,Success
78,10.0.0.13,11,PROCESS_LOCAL,1481578579212,1481578603790,0,12071,117851585,159,24527,36,123,3300,0,0,2,ShuffleMapTask,Success
79,10.0.0.13,5,PROCESS_LOCAL,1481578579582,1481578604742,0,12076,134169550,159,25117,35,100,3299,0,0,2,ShuffleMapTask,Success
80,10.0.0.12,8,PROCESS_LOCAL,1481578580286,1481578605255,0,12064,121164370,159,24909,31,129,3299,0,0,2,ShuffleMapTask,Success
81,10.0.0.4,1,PROCESS_LOCAL,1481578580414,1481578605425,0,12082,265237358,159,24957,33,132,3297,0,0,2,ShuffleMapTask,Success
82,10.0.0.13,5,PROCESS_LOCAL,1481578580731,1481578605524,0,12090,126387123,159,24743,27,100,3299,0,0,2,ShuffleMapTask,Success
84,10.0.0.12,8,PROCESS_LOCAL,1481578580955,1481578605794,0,12065,186351408,159,24770,32,177,3299,0,0,2,ShuffleMapTask,Success
86,10.0.0.13,11,PROCESS_LOCAL,1481578581236,1481578605855,0,12008,253648550,158,24551,38,97,3300,0,0,2,ShuffleMapTask,Success
83,10.0.0.6,9,PROCESS_LOCAL,1481578580886,1481578606239,0,12089,130321869,159,25300,32,119,3297,0,0,2,ShuffleMapTask,Success
87,10.0.0.6,9,PROCESS_LOCAL,1481578581785,1481578606948,0,12032,126565455,158,25110,41,158,3297,0,0,2,ShuffleMapTask,Success
85,10.0.0.4,1,PROCESS_LOCAL,1481578581036,1481578607432,0,12068,121748894,159,26343,31,149,3297,0,0,2,ShuffleMapTask,Success
89,10.0.0.4,7,PROCESS_LOCAL,1481578582169,1481578607522,0,12081,111301967,159,25297,40,123,3297,0,0,2,ShuffleMapTask,Success
90,10.0.0.12,2,PROCESS_LOCAL,1481578582282,1481578608246,0,12060,140607382,159,25894,44,109,3299,0,0,2,ShuffleMapTask,Success
88,10.0.0.4,7,PROCESS_LOCAL,1481578582160,1481578609151,0,12031,104186881,159,26909,66,123,3297,0,0,2,ShuffleMapTask,Success
91,10.0.0.12,2,PROCESS_LOCAL,1481578584602,1481578609573,0,12074,158654992,159,24905,31,109,3299,0,0,2,ShuffleMapTask,Success
92,10.0.0.8,6,PROCESS_LOCAL,1481578596860,1481578620301,0,12084,148870839,159,23384,32,68,3297,0,0,2,ShuffleMapTask,Success
93,10.0.0.8,6,PROCESS_LOCAL,1481578596904,1481578620611,0,12075,116527835,159,23653,32,68,3297,0,0,2,ShuffleMapTask,Success
95,10.0.0.5,4,PROCESS_LOCAL,1481578599324,1481578622846,0,12056,251565222,159,23468,30,111,3297,0,0,2,ShuffleMapTask,Success
94,10.0.0.5,4,PROCESS_LOCAL,1481578598210,1481578624477,0,12072,145844128,159,26222,28,146,3297,0,0,2,ShuffleMapTask,Success
96,10.0.0.5,10,PROCESS_LOCAL,1481578600831,1481578627151,0,12062,155314736,159,26272,23,115,3298,0,0,2,ShuffleMapTask,Success
100,10.0.0.13,11,PROCESS_LOCAL,1481578603789,1481578627606,0,12082,130483639,159,23776,24,102,3300,0,0,2,ShuffleMapTask,Success
97,10.0.0.6,3,PROCESS_LOCAL,1481578601596,1481578627988,0,12075,190626735,159,26326,32,169,3297,0,0,2,ShuffleMapTask,Success
99,10.0.0.6,3,PROCESS_LOCAL,1481578602429,1481578628025,0,12067,297328103,159,25535,32,169,3297,0,0,2,ShuffleMapTask,Success
98,10.0.0.5,10,PROCESS_LOCAL,1481578602377,1481578628429,0,12071,112823101,159,25998,34,115,3298,0,0,2,ShuffleMapTask,Success
101,10.0.0.13,5,PROCESS_LOCAL,1481578604741,1481578629711,0,11980,147209305,158,24913,30,151,3299,0,0,2,ShuffleMapTask,Success
104,10.0.0.13,5,PROCESS_LOCAL,1481578605523,1481578630190,0,12076,122436705,159,24628,23,151,3299,0,0,2,ShuffleMapTask,Success
103,10.0.0.4,1,PROCESS_LOCAL,1481578605424,1481578630499,0,12066,227762001,159,25028,30,93,3297,0,0,2,ShuffleMapTask,Success
105,10.0.0.12,8,PROCESS_LOCAL,1481578605793,1481578630976,0,12061,142675882,159,25130,28,73,3299,0,0,2,ShuffleMapTask,Success
102,10.0.0.12,8,PROCESS_LOCAL,1481578605253,1481578631062,0,12037,168941298,159,25762,25,121,3299,0,0,2,ShuffleMapTask,Success
106,10.0.0.13,11,PROCESS_LOCAL,1481578605854,1481578631219,0,12056,168863601,159,25325,23,134,3300,0,0,2,ShuffleMapTask,Success
107,10.0.0.6,9,PROCESS_LOCAL,1481578606238,1481578631436,0,12079,117860614,159,25147,30,174,3297,0,0,2,ShuffleMapTask,Success
110,10.0.0.4,7,PROCESS_LOCAL,1481578607523,1481578631759,0,12061,163490507,159,24192,31,103,3297,0,0,2,ShuffleMapTask,Success
108,10.0.0.6,9,PROCESS_LOCAL,1481578606947,1481578632082,0,12054,139347214,159,25093,23,135,3297,0,0,2,ShuffleMapTask,Success
109,10.0.0.4,1,PROCESS_LOCAL,1481578607431,1481578632804,0,12067,146000304,159,25328,31,76,3297,0,0,2,ShuffleMapTask,Success
111,10.0.0.12,2,PROCESS_LOCAL,1481578608245,1481578633826,0,12069,181496706,159,25544,24,169,3299,0,0,2,ShuffleMapTask,Success
112,10.0.0.4,7,PROCESS_LOCAL,1481578609150,1481578634339,0,12062,106663312,159,25146,24,103,3297,0,0,2,ShuffleMapTask,Success
113,10.0.0.12,2,PROCESS_LOCAL,1481578609574,1481578635350,0,12061,221216627,159,25730,26,169,3299,0,0,2,ShuffleMapTask,Success
115,10.0.0.8,6,PROCESS_LOCAL,1481578620612,1481578642991,0,12065,123890879,159,22354,16,55,3297,0,0,2,ShuffleMapTask,Success
114,10.0.0.8,6,PROCESS_LOCAL,1481578620300,1481578643338,0,12075,108086576,159,23002,23,55,3297,0,0,2,ShuffleMapTask,Success
116,10.0.0.5,4,PROCESS_LOCAL,1481578622843,1481578647512,0,12041,124029907,159,24622,31,122,3297,0,0,2,ShuffleMapTask,Success
117,10.0.0.5,4,PROCESS_LOCAL,1481578624476,1481578649760,0,12009,132256117,158,25241,22,142,3297,0,0,2,ShuffleMapTask,Success
119,10.0.0.13,11,PROCESS_LOCAL,1481578627604,1481578651731,0,12069,164984582,159,24082,27,142,3300,0,0,2,ShuffleMapTask,Success
122,10.0.0.5,10,PROCESS_LOCAL,1481578628427,1481578652150,0,12080,128717312,159,23646,58,94,3298,0,0,2,ShuffleMapTask,Success
118,10.0.0.5,10,PROCESS_LOCAL,1481578627149,1481578652511,0,12076,176004357,159,25302,39,94,3298,0,0,2,ShuffleMapTask,Success
123,10.0.0.13,5,PROCESS_LOCAL,1481578629710,1481578653427,0,12089,152385430,159,23682,22,82,3299,0,0,2,ShuffleMapTask,Success
121,10.0.0.6,3,PROCESS_LOCAL,1481578628023,1481578653728,0,12081,106298269,159,25643,39,150,3297,0,0,2,ShuffleMapTask,Success
120,10.0.0.6,3,PROCESS_LOCAL,1481578627987,1481578653975,0,12092,96025024,159,25913,47,150,3297,0,0,2,ShuffleMapTask,Success
125,10.0.0.4,1,PROCESS_LOCAL,1481578630497,1481578655193,0,12091,100166434,159,24646,30,96,3297,0,0,2,ShuffleMapTask,Success
129,10.0.0.6,9,PROCESS_LOCAL,1481578631434,1481578655397,0,12057,241304360,159,23918,23,97,3297,0,0,2,ShuffleMapTask,Success
124,10.0.0.13,5,PROCESS_LOCAL,1481578630189,1481578655659,0,12064,244317816,159,25397,53,82,3299,0,0,2,ShuffleMapTask,Success
128,10.0.0.13,11,PROCESS_LOCAL,1481578631219,1481578655681,0,12083,137800671,159,24430,22,140,3300,0,0,2,ShuffleMapTask,Success
127,10.0.0.12,8,PROCESS_LOCAL,1481578631061,1481578655730,0,12002,142196982,158,24628,17,157,3299,0,0,2,ShuffleMapTask,Success
126,10.0.0.12,8,PROCESS_LOCAL,1481578630975,1481578656165,0,12077,100526458,159,25140,30,157,3299,0,0,2,ShuffleMapTask,Success
131,10.0.0.6,9,PROCESS_LOCAL,1481578632081,1481578656742,0,12088,192598650,159,24617,23,103,3297,0,0,2,ShuffleMapTask,Success
130,10.0.0.4,7,PROCESS_LOCAL,1481578631757,1481578656896,0,12071,103427068,159,25088,23,88,3297,0,0,2,ShuffleMapTask,Success
132,10.0.0.4,1,PROCESS_LOCAL,1481578632803,1481578658455,0,12063,124051128,159,25608,34,126,3297,0,0,2,ShuffleMapTask,Success
133,10.0.0.12,2,PROCESS_LOCAL,1481578633821,1481578658834,0,12051,136642579,159,24968,26,70,3299,0,0,2,ShuffleMapTask,Success
134,10.0.0.4,7,PROCESS_LOCAL,1481578634337,1481578659347,0,11980,90291515,158,24961,30,88,3297,0,0,2,ShuffleMapTask,Success
135,10.0.0.12,2,PROCESS_LOCAL,1481578635348,1481578661241,0,12062,159013492,159,25855,23,70,3299,0,0,2,ShuffleMapTask,Success
136,10.0.0.8,6,PROCESS_LOCAL,1481578642990,1481578666564,0,12041,129434510,159,23531,22,71,3297,0,0,2,ShuffleMapTask,Success
137,10.0.0.8,6,PROCESS_LOCAL,1481578643337,1481578666663,0,12000,110643891,158,23295,15,71,3297,0,0,2,ShuffleMapTask,Success
138,10.0.0.5,4,PROCESS_LOCAL,1481578647510,1481578672310,0,12001,104602594,158,24745,23,86,3297,0,0,2,ShuffleMapTask,Success
139,10.0.0.5,4,PROCESS_LOCAL,1481578649759,1481578675498,0,12069,182404361,159,25705,15,96,3297,0,0,2,ShuffleMapTask,Success
140,10.0.0.13,11,PROCESS_LOCAL,1481578651730,1481578675894,0,12050,112532765,159,24119,27,77,3300,0,0,2,ShuffleMapTask,Success
141,10.0.0.5,10,PROCESS_LOCAL,1481578652149,1481578676800,0,12072,120569707,159,24613,18,83,3298,0,0,2,ShuffleMapTask,Success
143,10.0.0.13,5,PROCESS_LOCAL,1481578653426,1481578677465,0,12085,95879497,159,23983,40,106,3299,0,0,2,ShuffleMapTask,Success
142,10.0.0.5,10,PROCESS_LOCAL,1481578652510,1481578677978,0,12086,211897187,159,25425,23,83,3298,0,0,2,ShuffleMapTask,Success
145,10.0.0.6,3,PROCESS_LOCAL,1481578653974,1481578679067,0,12010,92560606,158,25045,25,79,3297,0,0,2,ShuffleMapTask,Success
144,10.0.0.6,3,PROCESS_LOCAL,1481578653727,1481578679528,0,12052,104937562,159,25763,23,79,3297,0,0,2,ShuffleMapTask,Success
147,10.0.0.6,9,PROCESS_LOCAL,1481578655396,1481578679762,0,11991,197789367,158,24324,22,133,3297,0,0,2,ShuffleMapTask,Success
146,10.0.0.4,1,PROCESS_LOCAL,1481578655192,1481578679896,0,11916,113579203,156,24662,28,111,3297,0,0,2,ShuffleMapTask,Success
152,10.0.0.6,9,PROCESS_LOCAL,1481578656740,1481578680033,0,12096,102674253,159,23268,16,127,3297,0,0,2,ShuffleMapTask,Success
148,10.0.0.13,5,PROCESS_LOCAL,1481578655658,1481578680250,0,12079,136278167,159,24551,22,106,3299,0,0,2,ShuffleMapTask,Success
149,10.0.0.13,11,PROCESS_LOCAL,1481578655680,1481578680295,0,12098,111780162,159,24559,32,85,3300,0,0,2,ShuffleMapTask,Success
150,10.0.0.12,8,PROCESS_LOCAL,1481578655729,1481578681182,0,12072,102156858,159,25405,17,151,3299,0,0,2,ShuffleMapTask,Success
151,10.0.0.12,8,PROCESS_LOCAL,1481578656163,1481578681553,0,12074,205780717,159,25349,22,151,3299,0,0,2,ShuffleMapTask,Success
153,10.0.0.4,7,PROCESS_LOCAL,1481578656895,1481578681668,0,12053,223020246,159,24737,23,95,3297,0,0,2,ShuffleMapTask,Success
155,10.0.0.12,2,PROCESS_LOCAL,1481578658833,1481578683690,0,12063,170849399,159,24813,28,97,3299,0,0,2,ShuffleMapTask,Success
154,10.0.0.4,1,PROCESS_LOCAL,1481578658454,1481578683986,0,11993,113228490,158,25487,23,121,3297,0,0,2,ShuffleMapTask,Success
156,10.0.0.4,7,PROCESS_LOCAL,1481578659346,1481578684980,0,12084,101892051,159,25594,30,129,3297,0,0,2,ShuffleMapTask,Success
157,10.0.0.12,2,PROCESS_LOCAL,1481578661240,1481578685709,0,12065,94631855,159,24433,27,97,3299,0,0,2,ShuffleMapTask,Success
158,10.0.0.8,6,PROCESS_LOCAL,1481578666565,1481578690136,0,12059,120624555,159,23537,22,60,3297,0,0,2,ShuffleMapTask,Success
159,10.0.0.8,6,PROCESS_LOCAL,1481578666662,1481578690220,0,12031,135525448,158,23514,30,60,3297,0,0,2,ShuffleMapTask,Success
160,10.0.0.5,4,PROCESS_LOCAL,1481578672308,1481578699032,0,12077,149730832,159,26667,24,149,3297,0,0,2,ShuffleMapTask,Success
161,10.0.0.5,4,PROCESS_LOCAL,1481578675499,1481578700146,0,12006,171319652,158,24607,20,119,3297,0,0,2,ShuffleMapTask,Success
163,10.0.0.5,10,PROCESS_LOCAL,1481578676799,1481578700944,0,12067,122779007,159,24090,39,133,3298,0,0,2,ShuffleMapTask,Success
164,10.0.0.13,5,PROCESS_LOCAL,1481578677464,1481578701373,0,12026,216685002,158,23875,22,112,3299,0,0,2,ShuffleMapTask,Success
162,10.0.0.13,11,PROCESS_LOCAL,1481578675895,1481578702254,0,12016,169964804,158,26320,23,124,3300,0,0,2,ShuffleMapTask,Success
165,10.0.0.5,10,PROCESS_LOCAL,1481578677975,1481578703031,0,12020,187855865,158,24976,26,129,3298,0,0,2,ShuffleMapTask,Success
170,10.0.0.6,9,PROCESS_LOCAL,1481578680032,1481578703703,0,12069,122178933,159,23606,44,168,3297,0,0,2,ShuffleMapTask,Success
172,10.0.0.13,11,PROCESS_LOCAL,1481578680294,1481578704461,0,12063,115224773,159,24113,36,115,3300,0,0,2,ShuffleMapTask,Success
171,10.0.0.13,5,PROCESS_LOCAL,1481578680249,1481578704474,0,12082,149521320,159,24180,24,112,3299,0,0,2,ShuffleMapTask,Success
169,10.0.0.4,1,PROCESS_LOCAL,1481578679895,1481578704771,0,12078,98521213,159,24834,28,154,3297,0,0,2,ShuffleMapTask,Success
168,10.0.0.6,9,PROCESS_LOCAL,1481578679761,1481578704789,0,12060,141133718,159,24992,22,168,3297,0,0,2,ShuffleMapTask,Success
166,10.0.0.6,3,PROCESS_LOCAL,1481578679064,1481578705044,0,12041,105579361,159,25929,29,101,3297,0,0,2,ShuffleMapTask,Success
167,10.0.0.6,3,PROCESS_LOCAL,1481578679527,1481578705914,0,12091,221326273,159,26351,23,101,3297,0,0,2,ShuffleMapTask,Success
174,10.0.0.12,8,PROCESS_LOCAL,1481578681552,1481578706227,0,12070,237479136,159,24636,24,77,3299,0,0,2,ShuffleMapTask,Success
173,10.0.0.12,8,PROCESS_LOCAL,1481578681180,1481578706252,0,12073,114932966,159,25041,16,77,3299,0,0,2,ShuffleMapTask,Success
175,10.0.0.4,7,PROCESS_LOCAL,1481578681666,1481578706875,0,12100,174045745,159,25172,22,117,3297,0,0,2,ShuffleMapTask,Success
176,10.0.0.12,2,PROCESS_LOCAL,1481578683688,1481578708556,0,12060,101553360,159,24819,28,77,3299,0,0,2,ShuffleMapTask,Success
177,10.0.0.4,1,PROCESS_LOCAL,1481578683985,1481578709248,0,12061,148796438,159,25218,31,156,3297,0,0,2,ShuffleMapTask,Success
178,10.0.0.4,7,PROCESS_LOCAL,1481578684979,1481578710502,0,12055,147035912,159,25473,31,106,3297,0,0,2,ShuffleMapTask,Success
179,10.0.0.12,2,PROCESS_LOCAL,1481578685708,1481578710959,0,12056,169697100,159,25191,40,77,3299,0,0,2,ShuffleMapTask,Success
181,10.0.0.8,6,PROCESS_LOCAL,1481578690219,1481578713532,0,12071,121776261,159,23275,28,49,3297,0,0,2,ShuffleMapTask,Success
180,10.0.0.8,6,PROCESS_LOCAL,1481578690134,1481578713622,0,12064,117896041,159,23456,22,49,3297,0,0,2,ShuffleMapTask,Success
182,10.0.0.5,4,PROCESS_LOCAL,1481578699031,1481578723985,0,12098,142543127,159,24902,31,88,3297,0,0,2,ShuffleMapTask,Success
183,10.0.0.5,4,PROCESS_LOCAL,1481578700145,1481578724555,0,12081,94323586,159,24373,22,88,3297,0,0,2,ShuffleMapTask,Success
184,10.0.0.5,10,PROCESS_LOCAL,1481578700942,1481578724613,0,12110,112697601,159,23641,14,115,3298,0,0,2,ShuffleMapTask,Success
185,10.0.0.13,5,PROCESS_LOCAL,1481578701371,1481578724884,0,12085,101428322,159,23476,21,116,3299,0,0,2,ShuffleMapTask,Success
186,10.0.0.13,11,PROCESS_LOCAL,1481578702254,1481578727160,0,12074,140380982,159,24866,24,117,3300,0,0,2,ShuffleMapTask,Success
187,10.0.0.5,10,PROCESS_LOCAL,1481578703030,1481578727234,0,12092,138666424,159,24176,15,102,3298,0,0,2,ShuffleMapTask,Success
188,10.0.0.6,9,PROCESS_LOCAL,1481578703702,1481578727735,0,12077,99540835,159,23992,22,88,3297,0,0,2,ShuffleMapTask,Success
190,10.0.0.13,5,PROCESS_LOCAL,1481578704473,1481578728430,0,12043,198977125,159,23934,10,127,3299,0,0,2,ShuffleMapTask,Success
189,10.0.0.13,11,PROCESS_LOCAL,1481578704460,1481578729009,0,12068,178465738,159,24505,24,106,3300,0,0,2,ShuffleMapTask,Success
192,10.0.0.6,9,PROCESS_LOCAL,1481578704788,1481578729257,0,12073,132785183,159,24430,22,88,3297,0,0,2,ShuffleMapTask,Success
193,10.0.0.6,3,PROCESS_LOCAL,1481578705043,1481578729644,0,12073,165272224,159,24570,16,109,3297,0,0,2,ShuffleMapTask,Success
191,10.0.0.4,1,PROCESS_LOCAL,1481578704770,1481578729791,0,12004,149854242,158,24961,31,114,3297,0,0,2,ShuffleMapTask,Success
195,10.0.0.12,8,PROCESS_LOCAL,1481578706226,1481578729886,0,12045,151117887,159,23625,16,86,3299,0,0,2,ShuffleMapTask,Success
196,10.0.0.12,8,PROCESS_LOCAL,1481578706251,1481578731012,0,12076,90464052,159,24718,26,96,3299,0,0,2,ShuffleMapTask,Success
197,10.0.0.4,7,PROCESS_LOCAL,1481578706874,1481578731522,0,12057,131479223,159,24601,23,136,3297,0,0,2,ShuffleMapTask,Success
194,10.0.0.6,3,PROCESS_LOCAL,1481578705912,1481578732106,0,12070,136153295,159,26151,22,130,3297,0,0,2,ShuffleMapTask,Success
198,10.0.0.12,2,PROCESS_LOCAL,1481578708555,1481578733707,0,12036,88579553,158,25087,50,58,3299,0,0,2,ShuffleMapTask,Success
199,10.0.0.4,1,PROCESS_LOCAL,1481578709248,1481578734596,0,12083,131206617,159,25302,15,102,3297,0,0,2,ShuffleMapTask,Success
200,10.0.0.4,7,PROCESS_LOCAL,1481578710500,1481578735637,0,12083,146337407,159,25093,28,144,3297,0,0,2,ShuffleMapTask,Success
201,10.0.0.12,2,PROCESS_LOCAL,1481578710958,1481578736032,0,12061,121472269,159,25025,36,58,3299,0,0,2,ShuffleMapTask,Success
202,10.0.0.8,6,PROCESS_LOCAL,1481578713530,1481578736682,0,12080,150780046,159,23114,28,69,3297,0,0,2,ShuffleMapTask,Success
203,10.0.0.8,6,PROCESS_LOCAL,1481578713621,1481578736769,0,12070,159771598,159,23106,21,69,3297,0,0,2,ShuffleMapTask,Success
207,10.0.0.13,5,PROCESS_LOCAL,1481578724882,1481578749372,0,12065,201219536,159,24440,16,83,3299,0,0,2,ShuffleMapTask,Success
205,10.0.0.5,4,PROCESS_LOCAL,1481578724554,1481578749477,0,12102,168993251,159,24880,21,110,3297,0,0,2,ShuffleMapTask,Success
204,10.0.0.5,4,PROCESS_LOCAL,1481578723983,1481578749647,0,12082,133292618,159,25620,21,110,3297,0,0,2,ShuffleMapTask,Success
206,10.0.0.5,10,PROCESS_LOCAL,1481578724612,1481578749681,0,12034,274201446,159,25017,33,77,3298,0,0,2,ShuffleMapTask,Success
208,10.0.0.13,11,PROCESS_LOCAL,1481578727159,1481578751365,0,12053,250715741,159,24169,22,93,3300,0,0,2,ShuffleMapTask,Success
209,10.0.0.5,10,PROCESS_LOCAL,1481578727233,1481578752557,0,12030,102275393,158,25289,21,66,3298,0,0,2,ShuffleMapTask,Success
211,10.0.0.13,5,PROCESS_LOCAL,1481578728430,1481578753040,0,12062,96026196,159,24572,28,90,3299,0,0,2,ShuffleMapTask,Success
210,10.0.0.6,9,PROCESS_LOCAL,1481578727734,1481578753373,0,12059,152877873,159,25582,23,112,3297,0,0,2,ShuffleMapTask,Success
212,10.0.0.13,11,PROCESS_LOCAL,1481578729008,1481578754132,0,12083,140146685,159,25069,26,108,3300,0,0,2,ShuffleMapTask,Success
216,10.0.0.12,8,PROCESS_LOCAL,1481578729886,1481578754598,0,12088,150025488,159,24674,23,134,3299,0,0,2,ShuffleMapTask,Success
213,10.0.0.6,9,PROCESS_LOCAL,1481578729258,1481578754679,0,12031,94548614,158,25386,17,112,3297,0,0,2,ShuffleMapTask,Success
215,10.0.0.4,1,PROCESS_LOCAL,1481578729790,1481578754865,0,12031,141792351,158,25040,16,100,3297,0,0,2,ShuffleMapTask,Success
214,10.0.0.6,3,PROCESS_LOCAL,1481578729643,1481578755027,0,12027,129723373,158,25333,21,93,3297,0,0,2,ShuffleMapTask,Success
217,10.0.0.12,8,PROCESS_LOCAL,1481578731011,1481578755059,0,12067,137478978,159,23991,42,124,3299,0,0,2,ShuffleMapTask,Success
218,10.0.0.4,7,PROCESS_LOCAL,1481578731521,1481578756931,0,12081,136984486,159,25363,23,89,3297,0,0,2,ShuffleMapTask,Success
219,10.0.0.6,3,PROCESS_LOCAL,1481578732105,1481578757240,0,12041,81572263,159,25105,15,104,3297,0,0,2,ShuffleMapTask,Success
221,10.0.0.4,1,PROCESS_LOCAL,1481578734594,1481578759321,0,12083,90182709,159,24684,24,83,3297,0,0,2,ShuffleMapTask,Success
225,10.0.0.8,6,PROCESS_LOCAL,1481578736768,1481578759535,0,12089,95530501,159,22735,21,81,3297,0,0,2,ShuffleMapTask,Success
220,10.0.0.12,2,PROCESS_LOCAL,1481578733706,1481578759569,0,12062,256750448,159,25799,36,114,3299,0,0,2,ShuffleMapTask,Success
224,10.0.0.8,6,PROCESS_LOCAL,1481578736681,1481578759850,0,12025,221084281,158,23142,15,81,3297,0,0,2,ShuffleMapTask,Success
223,10.0.0.12,2,PROCESS_LOCAL,1481578736030,1481578761228,0,12073,127918673,159,25168,20,114,3299,0,0,2,ShuffleMapTask,Success
222,10.0.0.4,7,PROCESS_LOCAL,1481578735636,1481578762032,0,12070,94576068,159,26340,33,69,3297,0,0,2,ShuffleMapTask,Success
229,10.0.0.5,10,PROCESS_LOCAL,1481578749681,1481578774316,0,12076,96884086,159,24583,32,92,3298,0,0,2,ShuffleMapTask,Success
227,10.0.0.5,4,PROCESS_LOCAL,1481578749476,1481578774683,0,12084,137100524,159,25161,30,209,3297,0,0,2,ShuffleMapTask,Success
226,10.0.0.13,5,PROCESS_LOCAL,1481578749371,1481578775037,0,12058,135093560,159,25627,27,125,3299,0,0,2,ShuffleMapTask,Success
228,10.0.0.5,4,PROCESS_LOCAL,1481578749646,1481578775062,0,12080,78333470,159,25351,41,209,3297,0,0,2,ShuffleMapTask,Success
232,10.0.0.13,5,PROCESS_LOCAL,1481578753038,1481578776027,0,12006,102760931,158,22945,23,107,3299,0,0,2,ShuffleMapTask,Success
230,10.0.0.13,11,PROCESS_LOCAL,1481578751364,1481578776430,0,12051,104530033,159,25028,23,105,3300,0,0,2,ShuffleMapTask,Success
231,10.0.0.5,10,PROCESS_LOCAL,1481578752554,1481578777339,0,12068,140237825,159,24739,29,158,3298,0,0,2,ShuffleMapTask,Success
233,10.0.0.6,9,PROCESS_LOCAL,1481578753372,1481578777893,0,12061,96282829,159,24474,31,94,3297,0,0,2,ShuffleMapTask,Success
234,10.0.0.13,11,PROCESS_LOCAL,1481578754130,1481578778235,0,12046,121621105,159,24069,19,87,3300,0,0,2,ShuffleMapTask,Success
235,10.0.0.12,8,PROCESS_LOCAL,1481578754596,1481578779599,0,12066,117820169,159,24965,21,107,3299,0,0,2,ShuffleMapTask,Success
237,10.0.0.4,1,PROCESS_LOCAL,1481578754864,1481578779764,0,12077,122674709,159,24869,21,109,3297,0,0,2,ShuffleMapTask,Success
238,10.0.0.6,3,PROCESS_LOCAL,1481578755027,1481578779931,0,12061,236203938,159,24852,35,118,3297,0,0,2,ShuffleMapTask,Success
239,10.0.0.12,8,PROCESS_LOCAL,1481578755058,1481578779945,0,12077,93986555,159,24816,48,107,3299,0,0,2,ShuffleMapTask,Success
236,10.0.0.6,9,PROCESS_LOCAL,1481578754678,1481578781110,0,12065,94462014,159,26389,21,112,3297,0,0,2,ShuffleMapTask,Success
240,10.0.0.4,7,PROCESS_LOCAL,1481578756930,1481578781799,0,12082,184407572,159,24829,15,94,3297,0,0,2,ShuffleMapTask,Success
241,10.0.0.6,3,PROCESS_LOCAL,1481578757239,1481578781957,0,12039,72787222,159,24674,22,86,3297,0,0,2,ShuffleMapTask,Success
243,10.0.0.8,6,PROCESS_LOCAL,1481578759534,1481578781981,0,12063,93457890,159,22410,20,68,3297,0,0,2,ShuffleMapTask,Success
245,10.0.0.8,6,PROCESS_LOCAL,1481578759849,1481578782895,0,12080,74284973,159,23015,14,68,3297,0,0,2,ShuffleMapTask,Success
244,10.0.0.12,2,PROCESS_LOCAL,1481578759570,1481578784505,0,12046,133925577,159,24890,26,91,3299,0,0,2,ShuffleMapTask,Success
242,10.0.0.4,1,PROCESS_LOCAL,1481578759320,1481578785808,0,12072,85665952,159,26459,15,114,3297,0,0,2,ShuffleMapTask,Success
246,10.0.0.12,2,PROCESS_LOCAL,1481578761227,1481578785989,0,12051,78645244,159,24726,21,91,3299,0,0,2,ShuffleMapTask,Success
247,10.0.0.4,7,PROCESS_LOCAL,1481578762031,1481578786113,0,12083,96423386,159,24051,22,98,3297,0,0,2,ShuffleMapTask,Success
251,10.0.0.5,4,PROCESS_LOCAL,1481578775061,1481578799289,0,12063,93220482,159,24189,20,148,3297,0,0,2,ShuffleMapTask,Success
248,10.0.0.5,10,PROCESS_LOCAL,1481578774315,1481578799681,0,12078,188798971,159,25330,19,159,3298,0,0,2,ShuffleMapTask,Success
250,10.0.0.13,5,PROCESS_LOCAL,1481578775036,1481578799823,0,12069,88751072,159,24752,21,109,3299,0,0,2,ShuffleMapTask,Success
253,10.0.0.13,11,PROCESS_LOCAL,1481578776429,1481578800067,0,12031,105861841,158,23604,20,145,3300,0,0,2,ShuffleMapTask,Success
252,10.0.0.13,5,PROCESS_LOCAL,1481578776026,1481578800078,0,12055,89133672,159,24013,20,109,3299,0,0,2,ShuffleMapTask,Success
249,10.0.0.5,4,PROCESS_LOCAL,1481578774682,1481578800477,0,12076,105879794,159,25752,22,148,3297,0,0,2,ShuffleMapTask,Success
255,10.0.0.6,9,PROCESS_LOCAL,1481578777892,1481578802549,0,12067,163301020,159,24601,29,112,3297,0,0,2,ShuffleMapTask,Success
256,10.0.0.13,11,PROCESS_LOCAL,1481578778234,1481578802623,0,12048,128193733,159,24345,26,167,3300,0,0,2,ShuffleMapTask,Success
254,10.0.0.5,10,PROCESS_LOCAL,1481578777338,1481578802913,0,12025,183320164,158,25546,14,120,3298,0,0,2,ShuffleMapTask,Success
258,10.0.0.4,1,PROCESS_LOCAL,1481578779763,1481578804917,0,12032,106790114,159,25113,21,93,3297,0,0,2,ShuffleMapTask,Success
259,10.0.0.6,3,PROCESS_LOCAL,1481578779930,1481578805081,0,12105,94358718,159,25119,15,135,3297,0,0,2,ShuffleMapTask,Success
264,10.0.0.8,6,PROCESS_LOCAL,1481578781978,1481578805244,0,12071,87330255,159,23227,21,105,3297,0,0,2,ShuffleMapTask,Success
260,10.0.0.12,8,PROCESS_LOCAL,1481578779944,1481578805499,0,12079,99716758,159,25531,14,58,3299,0,0,2,ShuffleMapTask,Success
261,10.0.0.6,9,PROCESS_LOCAL,1481578781109,1481578805620,0,12094,97051230,159,24479,15,106,3297,0,0,2,ShuffleMapTask,Success
257,10.0.0.12,8,PROCESS_LOCAL,1481578779598,1481578805856,0,12062,235891035,159,26218,16,81,3299,0,0,2,ShuffleMapTask,Success
265,10.0.0.8,6,PROCESS_LOCAL,1481578782892,1481578806294,0,12078,99260728,159,23378,14,105,3297,0,0,2,ShuffleMapTask,Success
262,10.0.0.4,7,PROCESS_LOCAL,1481578781797,1481578807015,0,12039,108062626,159,25180,23,89,3297,0,0,2,ShuffleMapTask,Success
263,10.0.0.6,3,PROCESS_LOCAL,1481578781955,1481578807362,0,12051,113531803,159,25363,29,135,3297,0,0,2,ShuffleMapTask,Success
266,10.0.0.12,2,PROCESS_LOCAL,1481578784504,1481578809622,0,12041,119582668,158,25076,29,120,3299,0,0,2,ShuffleMapTask,Success
268,10.0.0.12,2,PROCESS_LOCAL,1481578785988,1481578809852,0,12083,117472068,159,23822,20,120,3299,0,0,2,ShuffleMapTask,Success
267,10.0.0.4,1,PROCESS_LOCAL,1481578785807,1481578811120,0,12072,110120458,159,25276,21,98,3297,0,0,2,ShuffleMapTask,Success
269,10.0.0.4,7,PROCESS_LOCAL,1481578786111,1481578811175,0,12043,104034483,159,25035,20,103,3297,0,0,2,ShuffleMapTask,Success
270,10.0.0.5,4,PROCESS_LOCAL,1481578799288,1481578823943,0,12039,79237209,159,24631,14,92,3297,0,0,2,ShuffleMapTask,Success
273,10.0.0.13,11,PROCESS_LOCAL,1481578800066,1481578824007,0,12043,115965985,159,23907,20,107,3300,0,0,2,ShuffleMapTask,Success
272,10.0.0.13,5,PROCESS_LOCAL,1481578799822,1481578824573,0,12065,88893870,159,24712,29,72,3299,0,0,2,ShuffleMapTask,Success
274,10.0.0.13,5,PROCESS_LOCAL,1481578800077,1481578825021,0,12041,88347870,159,24903,24,72,3299,0,0,2,ShuffleMapTask,Success
271,10.0.0.5,10,PROCESS_LOCAL,1481578799679,1481578825050,0,12053,138083984,159,25336,14,132,3298,0,0,2,ShuffleMapTask,Success
275,10.0.0.5,4,PROCESS_LOCAL,1481578800475,1481578825605,0,12090,79220206,159,25086,20,115,3297,0,0,2,ShuffleMapTask,Success
277,10.0.0.13,11,PROCESS_LOCAL,1481578802622,1481578826442,0,12079,106064242,159,23787,16,84,3300,0,0,2,ShuffleMapTask,Success
276,10.0.0.6,9,PROCESS_LOCAL,1481578802547,1481578827505,0,12007,88108892,158,24913,22,107,3297,0,0,2,ShuffleMapTask,Success
278,10.0.0.5,10,PROCESS_LOCAL,1481578802912,1481578827815,0,12049,183011045,159,24864,24,129,3298,0,0,2,ShuffleMapTask,Success
281,10.0.0.8,6,PROCESS_LOCAL,1481578805243,1481578829014,0,12032,108957789,158,23737,21,76,3297,0,0,2,ShuffleMapTask,Success
282,10.0.0.12,8,PROCESS_LOCAL,1481578805498,1481578829129,0,11913,206077817,156,23587,21,143,3299,0,0,2,ShuffleMapTask,Success
279,10.0.0.4,1,PROCESS_LOCAL,1481578804916,1481578829199,0,12044,112615884,159,24247,21,105,3297,0,0,2,ShuffleMapTask,Success
285,10.0.0.8,6,PROCESS_LOCAL,1481578806294,1481578829589,0,12078,179555035,159,23268,13,76,3297,0,0,2,ShuffleMapTask,Success
280,10.0.0.6,3,PROCESS_LOCAL,1481578805080,1481578830115,0,12065,93789518,159,24995,21,137,3297,0,0,2,ShuffleMapTask,Success
283,10.0.0.6,9,PROCESS_LOCAL,1481578805619,1481578830945,0,12059,92390210,159,25291,20,122,3297,0,0,2,ShuffleMapTask,Success
284,10.0.0.12,8,PROCESS_LOCAL,1481578805855,1481578831782,0,11993,197633513,158,25882,20,140,3299,0,0,2,ShuffleMapTask,Success
286,10.0.0.4,7,PROCESS_LOCAL,1481578807014,1481578832287,0,12088,101220945,159,25184,64,122,3297,0,0,2,ShuffleMapTask,Success
287,10.0.0.6,3,PROCESS_LOCAL,1481578807361,1481578832945,0,12097,203945203,159,25543,27,177,3297,0,0,2,ShuffleMapTask,Success
289,10.0.0.12,2,PROCESS_LOCAL,1481578809851,1481578834416,0,12067,113110564,159,24532,14,99,3299,0,0,2,ShuffleMapTask,Success
288,10.0.0.12,2,PROCESS_LOCAL,1481578809621,1481578834416,0,12070,154988088,159,24753,21,99,3299,0,0,2,ShuffleMapTask,Success
290,10.0.0.4,1,PROCESS_LOCAL,1481578811119,1481578835092,0,12062,131576223,159,23930,22,98,3297,0,0,2,ShuffleMapTask,Success
291,10.0.0.4,7,PROCESS_LOCAL,1481578811174,1481578836031,0,12076,124419835,159,24817,26,120,3297,0,0,2,ShuffleMapTask,Success
293,10.0.0.13,11,PROCESS_LOCAL,1481578824006,1481578847654,0,12065,211874384,159,23618,13,128,3300,0,0,2,ShuffleMapTask,Success
292,10.0.0.5,4,PROCESS_LOCAL,1481578823944,1481578848369,0,12059,92516123,159,24391,22,122,3297,0,0,2,ShuffleMapTask,Success
294,10.0.0.13,5,PROCESS_LOCAL,1481578824572,1481578848496,0,12045,105650541,158,23883,20,126,3299,0,0,2,ShuffleMapTask,Success
295,10.0.0.13,5,PROCESS_LOCAL,1481578825019,1481578849850,0,12037,127147930,159,24786,24,126,3299,0,0,2,ShuffleMapTask,Success
298,10.0.0.13,11,PROCESS_LOCAL,1481578826441,1481578849851,0,12071,142966497,159,23377,14,137,3300,0,0,2,ShuffleMapTask,Success
296,10.0.0.5,10,PROCESS_LOCAL,1481578825048,1481578850614,0,12054,111861049,159,25540,14,105,3298,0,0,2,ShuffleMapTask,Success
297,10.0.0.5,4,PROCESS_LOCAL,1481578825602,1481578850694,0,12063,175861533,159,25047,27,121,3297,0,0,2,ShuffleMapTask,Success
299,10.0.0.6,9,PROCESS_LOCAL,1481578827504,1481578850755,0,12050,114129004,159,23213,24,111,3297,0,0,2,ShuffleMapTask,Success
301,10.0.0.8,6,PROCESS_LOCAL,1481578829012,1481578852940,0,12009,63575103,158,23887,20,58,3297,0,0,2,ShuffleMapTask,Success
300,10.0.0.5,10,PROCESS_LOCAL,1481578827814,1481578853108,0,12032,144152692,159,25261,21,87,3298,0,0,2,ShuffleMapTask,Success
302,10.0.0.12,8,PROCESS_LOCAL,1481578829127,1481578853154,0,12014,93186052,158,23993,21,94,3299,0,0,2,ShuffleMapTask,Success
304,10.0.0.8,6,PROCESS_LOCAL,1481578829588,1481578853783,0,12080,182815556,159,24166,20,58,3297,0,0,2,ShuffleMapTask,Success
303,10.0.0.4,1,PROCESS_LOCAL,1481578829198,1481578853951,0,12020,86645567,158,24713,17,100,3297,0,0,2,ShuffleMapTask,Success
306,10.0.0.6,9,PROCESS_LOCAL,1481578830944,1481578854564,0,12075,87141683,159,23582,20,122,3297,0,0,2,ShuffleMapTask,Success
305,10.0.0.6,3,PROCESS_LOCAL,1481578830114,1481578854936,0,12050,96855029,159,24786,21,130,3297,0,0,2,ShuffleMapTask,Success
307,10.0.0.12,8,PROCESS_LOCAL,1481578831781,1481578856039,0,12057,72720241,159,24227,20,101,3299,0,0,2,ShuffleMapTask,Success
308,10.0.0.4,7,PROCESS_LOCAL,1481578832285,1481578857058,0,12046,98287814,159,24736,15,156,3297,0,0,2,ShuffleMapTask,Success
309,10.0.0.6,3,PROCESS_LOCAL,1481578832944,1481578857442,0,12040,128761967,159,24459,24,90,3297,0,0,2,ShuffleMapTask,Success
310,10.0.0.12,2,PROCESS_LOCAL,1481578834411,1481578858212,0,12054,80562745,159,23771,17,116,3299,0,0,2,ShuffleMapTask,Success
312,10.0.0.4,1,PROCESS_LOCAL,1481578835091,1481578859118,0,12073,86193764,159,23991,22,103,3297,0,0,2,ShuffleMapTask,Success
311,10.0.0.12,2,PROCESS_LOCAL,1481578834412,1481578859180,0,12066,107840762,159,24726,21,116,3299,0,0,2,ShuffleMapTask,Success
313,10.0.0.4,7,PROCESS_LOCAL,1481578836030,1481578860889,0,12057,83343132,159,24818,27,151,3297,0,0,2,ShuffleMapTask,Success
314,10.0.0.13,11,PROCESS_LOCAL,1481578847653,1481578870471,0,12061,94344597,159,22783,20,96,3300,0,0,2,ShuffleMapTask,Success
315,10.0.0.5,4,PROCESS_LOCAL,1481578848367,1481578872324,0,12089,77042903,159,23932,15,99,3297,0,0,2,ShuffleMapTask,Success
316,10.0.0.13,5,PROCESS_LOCAL,1481578848494,1481578872819,0,12072,207206667,159,24288,14,91,3299,0,0,2,ShuffleMapTask,Success
317,10.0.0.13,5,PROCESS_LOCAL,1481578849848,1481578873596,0,12057,118169492,159,23712,21,91,3299,0,0,2,ShuffleMapTask,Success
318,10.0.0.13,11,PROCESS_LOCAL,1481578849850,1481578873790,0,12067,147316915,159,23910,14,94,3300,0,0,2,ShuffleMapTask,Success
319,10.0.0.5,10,PROCESS_LOCAL,1481578850613,1481578874598,0,12038,169857725,159,23952,20,79,3298,0,0,2,ShuffleMapTask,Success
320,10.0.0.5,4,PROCESS_LOCAL,1481578850693,1481578875005,0,12054,182807745,158,24286,13,105,3297,0,0,2,ShuffleMapTask,Success
321,10.0.0.6,9,PROCESS_LOCAL,1481578850754,1481578875544,0,12092,73415327,159,24749,26,133,3297,0,0,2,ShuffleMapTask,Success
322,10.0.0.8,6,PROCESS_LOCAL,1481578852939,1481578876226,0,12079,181653048,159,23249,27,58,3297,0,0,2,ShuffleMapTask,Success
323,10.0.0.5,10,PROCESS_LOCAL,1481578853107,1481578877260,0,12005,148573199,158,24119,23,93,3298,0,0,2,ShuffleMapTask,Success
325,10.0.0.8,6,PROCESS_LOCAL,1481578853782,1481578877625,0,12068,62055791,159,23814,19,58,3297,0,0,2,ShuffleMapTask,Success
324,10.0.0.12,8,PROCESS_LOCAL,1481578853154,1481578877630,0,12092,159325091,159,24450,14,112,3299,0,0,2,ShuffleMapTask,Success
327,10.0.0.6,9,PROCESS_LOCAL,1481578854562,1481578878819,0,12096,79413549,159,24221,12,121,3297,0,0,2,ShuffleMapTask,Success
326,10.0.0.4,1,PROCESS_LOCAL,1481578853950,1481578879095,0,12098,117608153,159,25109,23,77,3297,0,0,2,ShuffleMapTask,Success
328,10.0.0.6,3,PROCESS_LOCAL,1481578854935,1481578880445,0,12113,121965139,159,25474,22,132,3297,0,0,2,ShuffleMapTask,Success
329,10.0.0.12,8,PROCESS_LOCAL,1481578856038,1481578881286,0,12062,83332547,159,25217,13,108,3299,0,0,2,ShuffleMapTask,Success
330,10.0.0.4,7,PROCESS_LOCAL,1481578857056,1481578881961,0,12083,115455622,159,24870,15,122,3297,0,0,2,ShuffleMapTask,Success
331,10.0.0.6,3,PROCESS_LOCAL,1481578857441,1481578882159,0,12039,76600439,158,24683,13,132,3297,0,0,2,ShuffleMapTask,Success
332,10.0.0.12,2,PROCESS_LOCAL,1481578858211,1481578883390,0,12089,125115071,159,25120,45,98,3299,0,0,2,ShuffleMapTask,Success
334,10.0.0.12,2,PROCESS_LOCAL,1481578859179,1481578883680,0,12071,141979481,159,24464,14,98,3299,0,0,2,ShuffleMapTask,Success
333,10.0.0.4,1,PROCESS_LOCAL,1481578859117,1481578883702,0,12073,117265442,159,24554,12,70,3297,0,0,2,ShuffleMapTask,Success
335,10.0.0.4,7,PROCESS_LOCAL,1481578860888,1481578886313,0,11948,77846260,157,25390,20,121,3297,0,0,2,ShuffleMapTask,Success
336,10.0.0.13,11,PROCESS_LOCAL,1481578870471,1481578895140,0,12061,78550827,159,24640,14,90,3300,0,0,2,ShuffleMapTask,Success
337,10.0.0.5,4,PROCESS_LOCAL,1481578872323,1481578896256,0,12071,124057964,159,23900,13,129,3297,0,0,2,ShuffleMapTask,Success
338,10.0.0.13,5,PROCESS_LOCAL,1481578872818,1481578896830,0,12064,142865396,159,23980,16,82,3299,0,0,2,ShuffleMapTask,Success
340,10.0.0.13,11,PROCESS_LOCAL,1481578873788,1481578897271,0,12051,220097121,159,23447,21,69,3300,0,0,2,ShuffleMapTask,Success
339,10.0.0.13,5,PROCESS_LOCAL,1481578873594,1481578898390,0,12085,101531725,159,24763,18,82,3299,0,0,2,ShuffleMapTask,Success
342,10.0.0.5,4,PROCESS_LOCAL,1481578875003,1481578898847,0,12071,113338051,159,23807,15,113,3297,0,0,2,ShuffleMapTask,Success
341,10.0.0.5,10,PROCESS_LOCAL,1481578874597,1481578899459,0,12042,125382967,159,24835,13,107,3298,0,0,2,ShuffleMapTask,Success
344,10.0.0.8,6,PROCESS_LOCAL,1481578876225,1481578899599,0,12055,76926887,159,23341,23,85,3297,0,0,2,ShuffleMapTask,Success
343,10.0.0.6,9,PROCESS_LOCAL,1481578875543,1481578899865,0,12065,193255552,159,24293,21,116,3297,0,0,2,ShuffleMapTask,Success
346,10.0.0.8,6,PROCESS_LOCAL,1481578877623,1481578900448,0,12098,79976202,159,22783,23,85,3297,0,0,2,ShuffleMapTask,Success
347,10.0.0.12,8,PROCESS_LOCAL,1481578877629,1481578902258,0,12070,72050541,159,24597,17,125,3299,0,0,2,ShuffleMapTask,Success
345,10.0.0.5,10,PROCESS_LOCAL,1481578877259,1481578902357,0,12059,128970771,159,25051,13,97,3298,0,0,2,ShuffleMapTask,Success
349,10.0.0.4,1,PROCESS_LOCAL,1481578879094,1481578903610,0,12076,78365864,159,24485,15,73,3297,0,0,2,ShuffleMapTask,Success
348,10.0.0.6,9,PROCESS_LOCAL,1481578878817,1481578903722,0,12077,157236396,159,24865,13,102,3297,0,0,2,ShuffleMapTask,Success
350,10.0.0.6,3,PROCESS_LOCAL,1481578880443,1481578904845,0,12097,190406945,159,24373,14,132,3297,0,0,2,ShuffleMapTask,Success
351,10.0.0.12,8,PROCESS_LOCAL,1481578881284,1481578905824,0,12051,195467811,159,24510,15,117,3299,0,0,2,ShuffleMapTask,Success
355,10.0.0.12,2,PROCESS_LOCAL,1481578883680,1481578907787,0,12081,156917989,159,24070,15,116,3299,0,0,2,ShuffleMapTask,Success
353,10.0.0.6,3,PROCESS_LOCAL,1481578882158,1481578908179,0,12070,251723914,159,25986,19,132,3297,0,0,2,ShuffleMapTask,Success
352,10.0.0.4,7,PROCESS_LOCAL,1481578881960,1481578908689,0,12002,110605459,158,26691,16,114,3297,0,0,2,ShuffleMapTask,Success
354,10.0.0.12,2,PROCESS_LOCAL,1481578883388,1481578908736,0,12072,112386663,159,25323,14,116,3299,0,0,2,ShuffleMapTask,Success
356,10.0.0.4,1,PROCESS_LOCAL,1481578883701,1481578908867,0,12040,89536704,159,25138,21,66,3297,0,0,2,ShuffleMapTask,Success
357,10.0.0.4,7,PROCESS_LOCAL,1481578886311,1481578911926,0,12072,117114148,159,25574,15,127,3297,0,0,2,ShuffleMapTask,Success
358,10.0.0.13,11,PROCESS_LOCAL,1481578895138,1481578919928,0,12012,133436759,158,24752,24,71,3300,0,0,2,ShuffleMapTask,Success
359,10.0.0.5,4,PROCESS_LOCAL,1481578896255,1481578919975,0,12080,74587599,159,23693,19,104,3297,0,0,2,ShuffleMapTask,Success
360,10.0.0.13,5,PROCESS_LOCAL,1481578896829,1481578921730,0,12075,103845839,159,24877,13,141,3299,0,0,2,ShuffleMapTask,Success
361,10.0.0.13,11,PROCESS_LOCAL,1481578897270,1481578921984,0,12072,128710239,159,24677,14,71,3300,0,0,2,ShuffleMapTask,Success
363,10.0.0.5,4,PROCESS_LOCAL,1481578898846,1481578922827,0,12069,90133220,159,23937,13,121,3297,0,0,2,ShuffleMapTask,Success
365,10.0.0.8,6,PROCESS_LOCAL,1481578899598,1481578922830,0,12060,199201555,159,23208,14,74,3297,0,0,2,ShuffleMapTask,Success
364,10.0.0.5,10,PROCESS_LOCAL,1481578899458,1481578923599,0,12036,82680408,159,24094,27,72,3298,0,0,2,ShuffleMapTask,Success
362,10.0.0.13,5,PROCESS_LOCAL,1481578898389,1481578923887,0,12077,103907535,159,25465,19,141,3299,0,0,2,ShuffleMapTask,Success
367,10.0.0.8,6,PROCESS_LOCAL,1481578900447,1481578924464,0,12083,67977428,159,23990,14,74,3297,0,0,2,ShuffleMapTask,Success
366,10.0.0.6,9,PROCESS_LOCAL,1481578899864,1481578925057,0,12018,117965821,158,25160,19,81,3297,0,0,2,ShuffleMapTask,Success
368,10.0.0.12,8,PROCESS_LOCAL,1481578902257,1481578927283,0,12015,114225763,158,24995,23,87,3299,0,0,2,ShuffleMapTask,Success
369,10.0.0.5,10,PROCESS_LOCAL,1481578902356,1481578928052,0,11997,104399241,158,25667,13,88,3298,0,0,2,ShuffleMapTask,Success
371,10.0.0.6,9,PROCESS_LOCAL,1481578903719,1481578928414,0,12086,99441439,159,24658,14,89,3297,0,0,2,ShuffleMapTask,Success
370,10.0.0.4,1,PROCESS_LOCAL,1481578903609,1481578929456,0,12038,118576564,159,25814,20,82,3297,0,0,2,ShuffleMapTask,Success
373,10.0.0.12,8,PROCESS_LOCAL,1481578905822,1481578930601,0,12067,219175323,159,24755,7,106,3299,0,0,2,ShuffleMapTask,Success
372,10.0.0.6,3,PROCESS_LOCAL,1481578904843,1481578930713,0,12015,83236867,158,25838,19,165,3297,0,0,2,ShuffleMapTask,Success
374,10.0.0.12,2,PROCESS_LOCAL,1481578907785,1481578932627,0,12063,98576555,159,24821,8,92,3299,0,0,2,ShuffleMapTask,Success
377,10.0.0.12,2,PROCESS_LOCAL,1481578908735,1481578933233,0,12057,135407177,159,24466,13,92,3299,0,0,2,ShuffleMapTask,Success
376,10.0.0.4,7,PROCESS_LOCAL,1481578908688,1481578933882,0,12041,337765462,158,25139,36,114,3297,0,0,2,ShuffleMapTask,Success
375,10.0.0.6,3,PROCESS_LOCAL,1481578908178,1481578934242,0,12076,125778658,159,26011,36,165,3297,0,0,2,ShuffleMapTask,Success
378,10.0.0.4,1,PROCESS_LOCAL,1481578908866,1481578934370,0,12069,67809935,159,25460,22,102,3297,0,0,2,ShuffleMapTask,Success
379,10.0.0.4,7,PROCESS_LOCAL,1481578911925,1481578936994,0,12066,88316287,159,25014,40,114,3297,0,0,2,ShuffleMapTask,Success
380,10.0.0.13,11,PROCESS_LOCAL,1481578919927,1481578943962,0,12093,79413931,159,24006,14,115,3300,0,0,2,ShuffleMapTask,Success
381,10.0.0.5,4,PROCESS_LOCAL,1481578919974,1481578944473,0,12016,109943348,158,24460,21,150,3297,0,0,2,ShuffleMapTask,Success
385,10.0.0.8,6,PROCESS_LOCAL,1481578922829,1481578946153,0,12080,71276147,159,23293,13,59,3297,0,0,2,ShuffleMapTask,Success
383,10.0.0.13,11,PROCESS_LOCAL,1481578921984,1481578946494,0,12051,185268275,159,24478,19,115,3300,0,0,2,ShuffleMapTask,Success
382,10.0.0.13,5,PROCESS_LOCAL,1481578921729,1481578946602,0,12064,126338528,159,24842,19,93,3299,0,0,2,ShuffleMapTask,Success
386,10.0.0.5,10,PROCESS_LOCAL,1481578923598,1481578947130,0,12080,91487420,159,23499,13,130,3298,0,0,2,ShuffleMapTask,Success
384,10.0.0.5,4,PROCESS_LOCAL,1481578922826,1481578947359,0,12051,72603293,159,24500,13,140,3297,0,0,2,ShuffleMapTask,Success
387,10.0.0.13,5,PROCESS_LOCAL,1481578923885,1481578948796,0,12074,79736937,159,24870,13,93,3299,0,0,2,ShuffleMapTask,Success
388,10.0.0.8,6,PROCESS_LOCAL,1481578924463,1481578948922,0,12044,91474476,159,24429,20,73,3297,0,0,2,ShuffleMapTask,Success
389,10.0.0.6,9,PROCESS_LOCAL,1481578925055,1481578950151,0,12094,80798257,159,25061,14,93,3297,0,0,2,ShuffleMapTask,Success
390,10.0.0.12,8,PROCESS_LOCAL,1481578927282,1481578950450,0,12070,76013943,159,23141,13,125,3299,0,0,2,ShuffleMapTask,Success
392,10.0.0.6,9,PROCESS_LOCAL,1481578928413,1481578952252,0,12072,115338309,159,23817,14,94,3297,0,0,2,ShuffleMapTask,Success
391,10.0.0.5,10,PROCESS_LOCAL,1481578928051,1481578953029,0,12043,98677930,159,24949,13,109,3298,0,0,2,ShuffleMapTask,Success
394,10.0.0.12,8,PROCESS_LOCAL,1481578930600,1481578954573,0,12068,134964377,159,23945,13,117,3299,0,0,2,ShuffleMapTask,Success
393,10.0.0.4,1,PROCESS_LOCAL,1481578929455,1481578955509,0,12045,72597198,159,26028,14,164,3297,0,0,2,ShuffleMapTask,Success
395,10.0.0.6,3,PROCESS_LOCAL,1481578930712,1481578956229,0,12061,65579589,159,25477,22,156,3297,0,0,2,ShuffleMapTask,Success
397,10.0.0.12,2,PROCESS_LOCAL,1481578933232,1481578958439,0,11981,134368875,157,25175,13,189,3299,0,0,2,ShuffleMapTask,Success
398,10.0.0.4,7,PROCESS_LOCAL,1481578933881,1481578958766,0,12053,89019197,158,24855,14,129,3297,0,0,2,ShuffleMapTask,Success
396,10.0.0.12,2,PROCESS_LOCAL,1481578932626,1481578958861,0,12022,68894039,158,26213,9,189,3299,0,0,2,ShuffleMapTask,Success
400,10.0.0.4,1,PROCESS_LOCAL,1481578934368,1481578959175,0,12050,75549131,159,24774,14,178,3297,0,0,2,ShuffleMapTask,Success
399,10.0.0.6,3,PROCESS_LOCAL,1481578934241,1481578960227,0,12065,98950044,159,25940,30,156,3297,0,0,2,ShuffleMapTask,Success
401,10.0.0.4,7,PROCESS_LOCAL,1481578936993,1481578961936,0,12063,89981510,159,24874,22,95,3297,0,0,2,ShuffleMapTask,Success
402,10.0.0.13,11,PROCESS_LOCAL,1481578943962,1481578968484,0,12049,101689731,159,24490,14,130,3300,0,0,2,ShuffleMapTask,Success
404,10.0.0.8,6,PROCESS_LOCAL,1481578946152,1481578969287,0,12057,158698598,159,23108,13,99,3297,0,0,2,ShuffleMapTask,Success
407,10.0.0.5,10,PROCESS_LOCAL,1481578947129,1481578970359,0,12080,125503366,159,23202,14,69,3298,0,0,2,ShuffleMapTask,Success
403,10.0.0.5,4,PROCESS_LOCAL,1481578944472,1481578970563,0,12045,112402149,159,26050,19,90,3297,0,0,2,ShuffleMapTask,Success
408,10.0.0.5,4,PROCESS_LOCAL,1481578947358,1481578970605,0,12045,116254255,159,23223,13,71,3297,0,0,2,ShuffleMapTask,Success
405,10.0.0.13,11,PROCESS_LOCAL,1481578946493,1481578971304,0,12024,89758175,158,24776,21,130,3300,0,0,2,ShuffleMapTask,Success
406,10.0.0.13,5,PROCESS_LOCAL,1481578946601,1481578971334,0,12094,141954402,159,24704,18,81,3299,0,0,2,ShuffleMapTask,Success
410,10.0.0.8,6,PROCESS_LOCAL,1481578948920,1481578972109,0,12043,195301230,159,23156,19,99,3297,0,0,2,ShuffleMapTask,Success
409,10.0.0.13,5,PROCESS_LOCAL,1481578948795,1481578972500,0,12055,78103525,159,23678,14,81,3299,0,0,2,ShuffleMapTask,Success
411,10.0.0.6,9,PROCESS_LOCAL,1481578950150,1481578975181,0,12073,72828522,159,25003,13,109,3297,0,0,2,ShuffleMapTask,Success
412,10.0.0.12,8,PROCESS_LOCAL,1481578950449,1481578975667,0,12050,75608344,159,25189,18,146,3299,0,0,2,ShuffleMapTask,Success
413,10.0.0.6,9,PROCESS_LOCAL,1481578952251,1481578976449,0,12007,76792139,158,24153,31,88,3297,0,0,2,ShuffleMapTask,Success
414,10.0.0.5,10,PROCESS_LOCAL,1481578953028,1481578977004,0,12076,82654410,159,23949,19,107,3298,0,0,2,ShuffleMapTask,Success
415,10.0.0.12,8,PROCESS_LOCAL,1481578954572,1481578978719,0,12052,82171348,159,24119,15,120,3299,0,0,2,ShuffleMapTask,Success
416,10.0.0.4,1,PROCESS_LOCAL,1481578955508,1481578979891,0,12089,109244042,159,24353,14,168,3297,0,0,2,ShuffleMapTask,Success
417,10.0.0.6,3,PROCESS_LOCAL,1481578956228,1481578981361,0,12082,86005182,159,25097,22,151,3297,0,0,2,ShuffleMapTask,Success
419,10.0.0.4,7,PROCESS_LOCAL,1481578958765,1481578982700,0,12063,63208483,159,23894,24,124,3297,0,0,2,ShuffleMapTask,Success
418,10.0.0.12,2,PROCESS_LOCAL,1481578958438,1481578983453,0,12063,115027465,159,24988,16,89,3299,0,0,2,ShuffleMapTask,Success
420,10.0.0.12,2,PROCESS_LOCAL,1481578958860,1481578984634,0,12071,75823145,159,25733,19,89,3299,0,0,2,ShuffleMapTask,Success
421,10.0.0.4,1,PROCESS_LOCAL,1481578959174,1481578984984,0,12053,363432782,159,25776,14,177,3297,0,0,2,ShuffleMapTask,Success
422,10.0.0.6,3,PROCESS_LOCAL,1481578960227,1481578985554,0,12051,254429229,159,25295,13,151,3297,0,0,2,ShuffleMapTask,Success
423,10.0.0.4,7,PROCESS_LOCAL,1481578961935,1481578987330,0,12076,83383629,159,25357,21,126,3297,0,0,2,ShuffleMapTask,Success
424,10.0.0.13,11,PROCESS_LOCAL,1481578968483,1481578992034,0,12033,112622374,159,23518,13,81,3300,0,0,2,ShuffleMapTask,Success
425,10.0.0.8,6,PROCESS_LOCAL,1481578969286,1481578992535,0,12071,61736288,159,23212,14,60,3297,0,0,2,ShuffleMapTask,Success
427,10.0.0.5,4,PROCESS_LOCAL,1481578970562,1481578995040,0,12076,130365974,159,24447,13,159,3297,0,0,2,ShuffleMapTask,Success
426,10.0.0.5,10,PROCESS_LOCAL,1481578970358,1481578995458,0,12080,132999677,159,25079,13,99,3298,0,0,2,ShuffleMapTask,Success
429,10.0.0.13,11,PROCESS_LOCAL,1481578971303,1481578995844,0,12079,55567435,159,24513,11,106,3300,0,0,2,ShuffleMapTask,Success
428,10.0.0.5,4,PROCESS_LOCAL,1481578970604,1481578995989,0,11942,122509361,157,25349,19,159,3297,0,0,2,ShuffleMapTask,Success
431,10.0.0.8,6,PROCESS_LOCAL,1481578972108,1481578996015,0,12061,157444089,159,23872,13,61,3297,0,0,2,ShuffleMapTask,Success
432,10.0.0.13,5,PROCESS_LOCAL,1481578972499,1481578997151,0,12021,261603796,158,24610,14,149,3299,0,0,2,ShuffleMapTask,Success
430,10.0.0.13,5,PROCESS_LOCAL,1481578971333,1481578997536,0,12115,141010794,159,26169,19,149,3299,0,0,2,ShuffleMapTask,Success
436,10.0.0.5,10,PROCESS_LOCAL,1481578977003,1481579000928,0,12057,121887461,159,23878,19,94,3298,0,0,2,ShuffleMapTask,Success
435,10.0.0.6,9,PROCESS_LOCAL,1481578976448,1481579001000,0,12064,76004033,159,24526,14,111,3297,0,0,2,ShuffleMapTask,Success
434,10.0.0.12,8,PROCESS_LOCAL,1481578975666,1481579001669,0,12064,113964265,159,25975,15,128,3299,0,0,2,ShuffleMapTask,Success
433,10.0.0.6,9,PROCESS_LOCAL,1481578975179,1481579002073,0,12091,61463076,159,26862,13,111,3297,0,0,2,ShuffleMapTask,Success
437,10.0.0.12,8,PROCESS_LOCAL,1481578978718,1481579002955,0,12070,107656864,159,24204,18,128,3299,0,0,2,ShuffleMapTask,Success
438,10.0.0.4,1,PROCESS_LOCAL,1481578979890,1481579004467,0,12072,135616171,159,24544,13,132,3297,0,0,2,ShuffleMapTask,Success
439,10.0.0.6,3,PROCESS_LOCAL,1481578981359,1481579006482,0,12049,100751049,159,25090,19,140,3297,0,0,2,ShuffleMapTask,Success
441,10.0.0.12,2,PROCESS_LOCAL,1481578983450,1481579007262,0,12083,68950641,159,23765,33,84,3299,0,0,2,ShuffleMapTask,Success
440,10.0.0.4,7,PROCESS_LOCAL,1481578982699,1481579008783,0,12071,128425482,159,26050,16,100,3297,0,0,2,ShuffleMapTask,Success
443,10.0.0.4,1,PROCESS_LOCAL,1481578984983,1481579009297,0,12008,95297675,158,24279,18,123,3297,0,0,2,ShuffleMapTask,Success
442,10.0.0.12,2,PROCESS_LOCAL,1481578984633,1481579009711,0,12054,184409307,159,25023,34,84,3299,0,0,2,ShuffleMapTask,Success
444,10.0.0.6,3,PROCESS_LOCAL,1481578985552,1481579010180,0,12083,61117674,159,24591,19,140,3297,0,0,2,ShuffleMapTask,Success
445,10.0.0.4,7,PROCESS_LOCAL,1481578987329,1481579011690,0,11989,67883538,158,24314,29,80,3297,0,0,2,ShuffleMapTask,Success
447,10.0.0.8,6,PROCESS_LOCAL,1481578992533,1481579015560,0,12075,139881181,159,23006,13,81,3297,0,0,2,ShuffleMapTask,Success
446,10.0.0.13,11,PROCESS_LOCAL,1481578992033,1481579015871,0,12074,98639712,159,23799,21,135,3300,0,0,2,ShuffleMapTask,Success
452,10.0.0.8,6,PROCESS_LOCAL,1481578996014,1481579018008,0,12066,81417811,158,21959,14,76,3297,0,0,2,ShuffleMapTask,Success
450,10.0.0.13,11,PROCESS_LOCAL,1481578995843,1481579018579,0,12065,107141251,159,22716,7,125,3300,0,0,2,ShuffleMapTask,Success
448,10.0.0.5,4,PROCESS_LOCAL,1481578995039,1481579019483,0,12029,75278899,159,24402,27,91,3297,0,0,2,ShuffleMapTask,Success
449,10.0.0.5,10,PROCESS_LOCAL,1481578995457,1481579020365,0,12026,77087204,158,24886,12,80,3298,0,0,2,ShuffleMapTask,Success
451,10.0.0.5,4,PROCESS_LOCAL,1481578995988,1481579020564,0,12061,118102956,159,24549,13,91,3297,0,0,2,ShuffleMapTask,Success
454,10.0.0.13,5,PROCESS_LOCAL,1481578997535,1481579021174,0,12066,109689760,159,23612,7,118,3299,0,0,2,ShuffleMapTask,Success
453,10.0.0.13,5,PROCESS_LOCAL,1481578997150,1481579021195,0,11991,100489522,158,23998,25,118,3299,0,0,2,ShuffleMapTask,Success
456,10.0.0.6,9,PROCESS_LOCAL,1481579000999,1481579025962,0,12062,69049508,159,24929,20,127,3297,0,0,2,ShuffleMapTask,Success
455,10.0.0.5,10,PROCESS_LOCAL,1481579000927,1481579026019,0,12017,94525327,158,25058,18,73,3298,0,0,2,ShuffleMapTask,Success
457,10.0.0.12,8,PROCESS_LOCAL,1481579001668,1481579026024,0,12108,70467140,159,24319,13,93,3299,0,0,2,ShuffleMapTask,Success
458,10.0.0.6,9,PROCESS_LOCAL,1481579002072,1481579027838,0,12012,90677105,158,25739,17,127,3297,0,0,2,ShuffleMapTask,Success
459,10.0.0.12,8,PROCESS_LOCAL,1481579002954,1481579027981,0,12071,95597555,159,24996,19,93,3299,0,0,2,ShuffleMapTask,Success
460,10.0.0.4,1,PROCESS_LOCAL,1481579004466,1481579029086,0,12059,76618643,159,24592,15,89,3297,0,0,2,ShuffleMapTask,Success
461,10.0.0.6,3,PROCESS_LOCAL,1481579006481,1481579031527,0,12050,63992286,159,24959,19,78,3297,0,0,2,ShuffleMapTask,Success
462,10.0.0.12,2,PROCESS_LOCAL,1481579007261,1481579033023,0,12083,86923551,159,25739,14,97,3299,0,0,2,ShuffleMapTask,Success
465,10.0.0.12,2,PROCESS_LOCAL,1481579009709,1481579033368,0,12066,96121657,159,23619,22,97,3299,0,0,2,ShuffleMapTask,Success
464,10.0.0.4,1,PROCESS_LOCAL,1481579009295,1481579034147,0,12087,83283730,159,24819,21,78,3297,0,0,2,ShuffleMapTask,Success
466,10.0.0.6,3,PROCESS_LOCAL,1481579010179,1481579035204,0,12051,86159382,159,25011,6,100,3297,0,0,2,ShuffleMapTask,Success
463,10.0.0.4,7,PROCESS_LOCAL,1481579008781,1481579035432,0,12048,97513602,159,26620,11,115,3297,0,0,2,ShuffleMapTask,Success
467,10.0.0.4,7,PROCESS_LOCAL,1481579011689,1481579036941,0,12072,92904746,159,25221,13,115,3297,0,0,2,ShuffleMapTask,Success
468,10.0.0.8,6,PROCESS_LOCAL,1481579015559,1481579038466,0,12085,125940288,159,22880,18,73,3297,0,0,2,ShuffleMapTask,Success
469,10.0.0.13,11,PROCESS_LOCAL,1481579015870,1481579039152,0,12041,88074371,159,23242,22,81,3300,0,0,2,ShuffleMapTask,Success
470,10.0.0.8,6,PROCESS_LOCAL,1481579018007,1481579042367,0,12096,81958010,159,24328,19,76,3297,0,0,2,ShuffleMapTask,Success
471,10.0.0.13,11,PROCESS_LOCAL,1481579018578,1481579043622,0,12051,89869079,159,25003,17,88,3300,0,0,2,ShuffleMapTask,Success
472,10.0.0.5,4,PROCESS_LOCAL,1481579019481,1481579043995,0,12076,76832800,159,24481,13,102,3297,0,0,2,ShuffleMapTask,Success
474,10.0.0.5,4,PROCESS_LOCAL,1481579020563,1481579044455,0,12071,74918997,159,23864,18,102,3297,0,0,2,ShuffleMapTask,Success
475,10.0.0.13,5,PROCESS_LOCAL,1481579021173,1481579044897,0,12055,99254520,159,23693,12,108,3299,0,0,2,ShuffleMapTask,Success
473,10.0.0.5,10,PROCESS_LOCAL,1481579020364,1481579044959,0,12026,99070930,158,24571,11,67,3298,0,0,2,ShuffleMapTask,Success
476,10.0.0.13,5,PROCESS_LOCAL,1481579021195,1481579046459,0,12056,123784419,159,25235,17,108,3299,0,0,2,ShuffleMapTask,Success
478,10.0.0.5,10,PROCESS_LOCAL,1481579026018,1481579050521,0,12106,72685695,159,24476,13,64,3298,0,0,2,ShuffleMapTask,Success
479,10.0.0.12,8,PROCESS_LOCAL,1481579026023,1481579051112,0,12030,87866351,158,25045,24,119,3299,0,0,2,ShuffleMapTask,Success
477,10.0.0.6,9,PROCESS_LOCAL,1481579025960,1481579051242,0,12075,71324519,159,25255,19,105,3297,0,0,2,ShuffleMapTask,Success
481,10.0.0.12,8,PROCESS_LOCAL,1481579027979,1481579051632,0,12017,93628452,158,23614,16,119,3299,0,0,2,ShuffleMapTask,Success
480,10.0.0.6,9,PROCESS_LOCAL,1481579027837,1481579052111,0,12024,88913196,159,24249,13,105,3297,0,0,2,ShuffleMapTask,Success
482,10.0.0.4,1,PROCESS_LOCAL,1481579029085,1481579053582,0,12014,84274945,158,24463,13,98,3297,0,0,2,ShuffleMapTask,Success
483,10.0.0.6,3,PROCESS_LOCAL,1481579031526,1481579056536,0,12057,199215586,159,24993,6,135,3297,0,0,2,ShuffleMapTask,Success
485,10.0.0.12,2,PROCESS_LOCAL,1481579033367,1481579057483,0,12074,123572073,159,24088,12,132,3299,0,0,2,ShuffleMapTask,Success
484,10.0.0.12,2,PROCESS_LOCAL,1481579033022,1481579057834,0,12059,55658932,159,24788,13,132,3299,0,0,2,ShuffleMapTask,Success
486,10.0.0.4,1,PROCESS_LOCAL,1481579034146,1481579059135,0,12028,76548442,158,24952,21,70,3297,0,0,2,ShuffleMapTask,Success
487,10.0.0.6,3,PROCESS_LOCAL,1481579035203,1481579060102,0,12080,61504472,159,24874,12,185,3297,0,0,2,ShuffleMapTask,Success
488,10.0.0.4,7,PROCESS_LOCAL,1481579035431,1481579060342,0,12090,62987982,159,24876,17,105,3297,0,0,2,ShuffleMapTask,Success
490,10.0.0.8,6,PROCESS_LOCAL,1481579038464,1481579061133,0,12078,73672760,159,22644,12,72,3297,0,0,2,ShuffleMapTask,Success
489,10.0.0.4,7,PROCESS_LOCAL,1481579036940,1481579062053,0,12075,72538896,159,25082,22,105,3297,0,0,2,ShuffleMapTask,Success
491,10.0.0.13,11,PROCESS_LOCAL,1481579039150,1481579063108,0,12078,93021892,159,23918,22,91,3300,0,0,2,ShuffleMapTask,Success
492,10.0.0.8,6,PROCESS_LOCAL,1481579042366,1481579064698,0,12061,61325785,159,22312,12,59,3297,0,0,2,ShuffleMapTask,Success
493,10.0.0.13,11,PROCESS_LOCAL,1481579043621,1481579066544,0,12059,65947781,159,22892,14,89,3300,0,0,2,ShuffleMapTask,Success
495,10.0.0.5,4,PROCESS_LOCAL,1481579044453,1481579068066,0,12009,94570123,158,23576,19,74,3297,0,0,2,ShuffleMapTask,Success
496,10.0.0.13,5,PROCESS_LOCAL,1481579044896,1481579068193,0,12053,111837272,158,23271,13,76,3299,0,0,2,ShuffleMapTask,Success
494,10.0.0.5,4,PROCESS_LOCAL,1481579043994,1481579069147,0,12064,74699099,159,25127,18,74,3297,0,0,2,ShuffleMapTask,Success
497,10.0.0.5,10,PROCESS_LOCAL,1481579044958,1481579069460,0,12063,158644410,159,24475,13,129,3298,0,0,2,ShuffleMapTask,Success
498,10.0.0.13,5,PROCESS_LOCAL,1481579046457,1481579070107,0,12057,71620701,159,23622,13,76,3299,0,0,2,ShuffleMapTask,Success
499,10.0.0.5,10,PROCESS_LOCAL,1481579050520,1481579073559,0,12044,65033686,159,23009,23,100,3298,0,0,2,ShuffleMapTask,Success
502,10.0.0.12,8,PROCESS_LOCAL,1481579051630,1481579073883,0,12036,77309645,158,22226,17,104,3299,0,0,2,ShuffleMapTask,Success
501,10.0.0.6,9,PROCESS_LOCAL,1481579051241,1481579074420,0,12094,68826005,159,23143,13,57,3297,0,0,2,ShuffleMapTask,Success
500,10.0.0.12,8,PROCESS_LOCAL,1481579051111,1481579074686,0,12074,73401143,159,23548,13,104,3299,0,0,2,ShuffleMapTask,Success
503,10.0.0.6,9,PROCESS_LOCAL,1481579052110,1481579075171,0,12083,55966248,159,23037,18,57,3297,0,0,2,ShuffleMapTask,Success
512,10.0.0.8,6,PROCESS_LOCAL,1481579075276,1481579076800,0,NOVAL,NOVAL,NOVAL,1311,154,0,3825,0,0,3,ResultTask,Success
523,10.0.0.8,6,PROCESS_LOCAL,1481579075292,1481579076808,0,NOVAL,NOVAL,NOVAL,1345,143,0,3451,0,0,3,ResultTask,Success
515,10.0.0.13,5,PROCESS_LOCAL,1481579075280,1481579077043,0,NOVAL,NOVAL,NOVAL,1619,102,0,3832,0,0,3,ResultTask,Success
504,10.0.0.13,5,PROCESS_LOCAL,1481579075268,1481579077051,0,NOVAL,NOVAL,NOVAL,1615,103,0,3902,0,0,3,ResultTask,Success
508,10.0.0.5,10,PROCESS_LOCAL,1481579075271,1481579077158,0,NOVAL,NOVAL,NOVAL,1721,105,0,3829,0,0,3,ResultTask,Success
519,10.0.0.5,10,PROCESS_LOCAL,1481579075286,1481579077164,0,NOVAL,NOVAL,NOVAL,1715,109,0,3906,0,0,3,ResultTask,Success
524,10.0.0.6,3,PROCESS_LOCAL,1481579075294,1481579077179,0,NOVAL,NOVAL,NOVAL,1743,102,0,3900,0,0,3,ResultTask,Success
513,10.0.0.6,3,PROCESS_LOCAL,1481579075277,1481579077231,0,NOVAL,NOVAL,NOVAL,1792,99,0,3909,0,0,3,ResultTask,Success
526,10.0.0.8,6,PROCESS_LOCAL,1481579076792,1481579077244,0,NOVAL,NOVAL,NOVAL,425,18,0,3824,0,0,3,ResultTask,Success
514,10.0.0.5,4,PROCESS_LOCAL,1481579075278,1481579077290,0,NOVAL,NOVAL,NOVAL,1865,103,0,3909,0,0,3,ResultTask,Success
510,10.0.0.12,8,PROCESS_LOCAL,1481579075274,1481579077304,0,NOVAL,NOVAL,NOVAL,1839,121,0,3452,0,0,3,ResultTask,Success
521,10.0.0.12,8,PROCESS_LOCAL,1481579075289,1481579077341,0,NOVAL,NOVAL,NOVAL,1903,120,0,3452,0,0,3,ResultTask,Success
525,10.0.0.5,4,PROCESS_LOCAL,1481579075295,1481579077361,0,NOVAL,NOVAL,NOVAL,1936,105,0,3451,0,0,3,ResultTask,Success
507,10.0.0.4,7,PROCESS_LOCAL,1481579075270,1481579077366,0,NOVAL,NOVAL,NOVAL,1836,201,0,3992,0,0,3,ResultTask,Success
518,10.0.0.4,7,PROCESS_LOCAL,1481579075285,1481579077369,0,NOVAL,NOVAL,NOVAL,1844,198,0,3451,0,0,3,ResultTask,Success
517,10.0.0.4,1,PROCESS_LOCAL,1481579075283,1481579077434,0,NOVAL,NOVAL,NOVAL,1974,107,0,3451,0,0,3,ResultTask,Success
527,10.0.0.8,6,PROCESS_LOCAL,1481579076809,1481579077443,0,NOVAL,NOVAL,NOVAL,611,11,0,3451,0,0,3,ResultTask,Success
506,10.0.0.4,1,PROCESS_LOCAL,1481579075269,1481579077452,0,NOVAL,NOVAL,NOVAL,1972,135,0,3830,0,0,3,ResultTask,Success
511,10.0.0.6,9,PROCESS_LOCAL,1481579075275,1481579077462,0,NOVAL,NOVAL,NOVAL,1978,134,0,3902,0,0,3,ResultTask,Success
522,10.0.0.6,9,PROCESS_LOCAL,1481579075291,1481579077468,0,NOVAL,NOVAL,NOVAL,1986,131,0,3906,0,0,3,ResultTask,Success
516,10.0.0.13,11,PROCESS_LOCAL,1481579075281,1481579077481,0,NOVAL,NOVAL,NOVAL,1985,148,0,3452,0,0,3,ResultTask,Success
505,10.0.0.13,11,PROCESS_LOCAL,1481579075269,1481579077493,0,NOVAL,NOVAL,NOVAL,1987,155,0,3452,0,0,3,ResultTask,Success
509,10.0.0.12,2,PROCESS_LOCAL,1481579075272,1481579077509,0,NOVAL,NOVAL,NOVAL,2100,86,0,3830,0,0,3,ResultTask,Success
520,10.0.0.12,2,PROCESS_LOCAL,1481579075288,1481579077546,0,NOVAL,NOVAL,NOVAL,2131,98,0,3452,0,0,3,ResultTask,Success
534,10.0.0.8,6,PROCESS_LOCAL,1481579077243,1481579077595,0,NOVAL,NOVAL,NOVAL,324,7,0,3451,0,0,3,ResultTask,Success
542,10.0.0.8,6,PROCESS_LOCAL,1481579077442,1481579078058,0,NOVAL,NOVAL,NOVAL,587,18,20,3914,0,0,3,ResultTask,Success
539,10.0.0.4,7,PROCESS_LOCAL,1481579077366,1481579078443,0,NOVAL,NOVAL,NOVAL,993,47,0,3451,0,0,3,ResultTask,Success
531,10.0.0.5,10,PROCESS_LOCAL,1481579077165,1481579078448,0,NOVAL,NOVAL,NOVAL,1253,14,0,3831,0,0,3,ResultTask,Success
536,10.0.0.12,8,PROCESS_LOCAL,1481579077301,1481579078464,0,NOVAL,NOVAL,NOVAL,1062,61,0,3452,0,0,3,ResultTask,Success
535,10.0.0.5,4,PROCESS_LOCAL,1481579077288,1481579078533,0,NOVAL,NOVAL,NOVAL,1166,67,0,3827,0,0,3,ResultTask,Success
540,10.0.0.4,7,PROCESS_LOCAL,1481579077367,1481579078545,0,NOVAL,NOVAL,NOVAL,1088,52,0,3451,0,0,3,ResultTask,Success
538,10.0.0.5,4,PROCESS_LOCAL,1481579077360,1481579078608,0,NOVAL,NOVAL,NOVAL,1126,93,0,3830,0,0,3,ResultTask,Success
529,10.0.0.13,5,PROCESS_LOCAL,1481579077049,1481579078613,0,NOVAL,NOVAL,NOVAL,1523,25,0,3908,0,0,3,ResultTask,Success
528,10.0.0.13,5,PROCESS_LOCAL,1481579077040,1481579078698,0,NOVAL,NOVAL,NOVAL,1574,24,0,3452,0,0,3,ResultTask,Success
545,10.0.0.6,9,PROCESS_LOCAL,1481579077466,1481579078729,0,NOVAL,NOVAL,NOVAL,1201,33,0,3827,0,0,3,ResultTask,Success
537,10.0.0.12,8,PROCESS_LOCAL,1481579077340,1481579078761,0,NOVAL,NOVAL,NOVAL,1357,49,0,3452,0,0,3,ResultTask,Success
548,10.0.0.12,2,PROCESS_LOCAL,1481579077508,1481579078883,0,NOVAL,NOVAL,NOVAL,1314,35,0,3828,0,0,3,ResultTask,Success
550,10.0.0.8,6,PROCESS_LOCAL,1481579077593,1481579078969,0,NOVAL,NOVAL,NOVAL,1347,12,20,3825,0,0,3,ResultTask,Success
541,10.0.0.4,1,PROCESS_LOCAL,1481579077431,1481579078979,0,NOVAL,NOVAL,NOVAL,1438,65,60,3831,0,0,3,ResultTask,Success
543,10.0.0.4,1,PROCESS_LOCAL,1481579077451,1481579079021,0,NOVAL,NOVAL,NOVAL,1512,32,60,3451,0,0,3,ResultTask,Success
532,10.0.0.6,3,PROCESS_LOCAL,1481579077177,1481579079050,0,NOVAL,NOVAL,NOVAL,1802,49,0,3451,0,0,3,ResultTask,Success
544,10.0.0.6,9,PROCESS_LOCAL,1481579077459,1481579079061,0,NOVAL,NOVAL,NOVAL,1518,74,0,3830,0,0,3,ResultTask,Success
546,10.0.0.13,11,PROCESS_LOCAL,1481579077479,1481579079091,0,NOVAL,NOVAL,NOVAL,1560,35,0,3830,0,0,3,ResultTask,Success
549,10.0.0.12,2,PROCESS_LOCAL,1481579077544,1481579079111,0,NOVAL,NOVAL,NOVAL,1411,110,0,3452,0,0,3,ResultTask,Success
551,10.0.0.8,6,PROCESS_LOCAL,1481579078056,1481579079215,0,NOVAL,NOVAL,NOVAL,1111,30,0,3451,0,0,3,ResultTask,Success
554,10.0.0.12,8,PROCESS_LOCAL,1481579078462,1481579079245,0,NOVAL,NOVAL,NOVAL,692,28,0,3829,0,0,3,ResultTask,Success
552,10.0.0.4,7,PROCESS_LOCAL,1481579078441,1481579079281,0,NOVAL,NOVAL,NOVAL,750,70,0,3832,0,0,3,ResultTask,Success
560,10.0.0.6,9,PROCESS_LOCAL,1481579078727,1481579079303,0,NOVAL,NOVAL,NOVAL,544,21,0,3912,0,0,3,ResultTask,Success
547,10.0.0.13,11,PROCESS_LOCAL,1481579077494,1481579079305,0,NOVAL,NOVAL,NOVAL,1678,102,0,3452,0,0,3,ResultTask,Success
561,10.0.0.12,8,PROCESS_LOCAL,1481579078759,1481579079353,0,NOVAL,NOVAL,NOVAL,529,12,0,3830,0,0,3,ResultTask,Success
563,10.0.0.8,6,PROCESS_LOCAL,1481579078970,1481579079380,0,NOVAL,NOVAL,NOVAL,384,12,0,3826,0,0,3,ResultTask,Success
530,10.0.0.5,10,PROCESS_LOCAL,1481579077156,1481579079382,0,NOVAL,NOVAL,NOVAL,2147,39,0,3451,0,0,3,ResultTask,Success
533,10.0.0.6,3,PROCESS_LOCAL,1481579077229,1481579079413,0,NOVAL,NOVAL,NOVAL,1996,157,0,3833,0,0,3,ResultTask,Success
558,10.0.0.13,5,PROCESS_LOCAL,1481579078609,1481579079544,0,NOVAL,NOVAL,NOVAL,896,18,0,3452,0,0,3,ResultTask,Success
553,10.0.0.5,10,PROCESS_LOCAL,1481579078447,1481579079554,0,NOVAL,NOVAL,NOVAL,1045,28,0,3831,0,0,3,ResultTask,Success
559,10.0.0.13,5,PROCESS_LOCAL,1481579078696,1481579079584,0,NOVAL,NOVAL,NOVAL,850,18,0,3828,0,0,3,ResultTask,Success
566,10.0.0.6,3,PROCESS_LOCAL,1481579079048,1481579079593,0,NOVAL,NOVAL,NOVAL,503,28,0,3451,0,0,3,ResultTask,Success
556,10.0.0.4,7,PROCESS_LOCAL,1481579078543,1481579079619,0,NOVAL,NOVAL,NOVAL,1010,33,0,3451,0,0,3,ResultTask,Success
570,10.0.0.8,6,PROCESS_LOCAL,1481579079213,1481579079671,0,NOVAL,NOVAL,NOVAL,419,21,0,3911,0,0,3,ResultTask,Success
555,10.0.0.5,4,PROCESS_LOCAL,1481579078532,1481579079694,0,NOVAL,NOVAL,NOVAL,1039,99,0,3832,0,0,3,ResultTask,Success
557,10.0.0.5,4,PROCESS_LOCAL,1481579078605,1481579079703,0,NOVAL,NOVAL,NOVAL,1017,61,0,3451,0,0,3,ResultTask,Success
576,10.0.0.8,6,PROCESS_LOCAL,1481579079378,1481579079815,0,NOVAL,NOVAL,NOVAL,407,18,0,3451,0,0,3,ResultTask,Success
567,10.0.0.6,9,PROCESS_LOCAL,1481579079061,1481579079964,0,NOVAL,NOVAL,NOVAL,815,55,0,3826,0,0,3,ResultTask,Success
562,10.0.0.12,2,PROCESS_LOCAL,1481579078881,1481579080026,0,NOVAL,NOVAL,NOVAL,1075,45,0,3452,0,0,3,ResultTask,Success
571,10.0.0.12,8,PROCESS_LOCAL,1481579079244,1481579080147,0,NOVAL,NOVAL,NOVAL,811,61,0,3831,0,0,3,ResultTask,Success
569,10.0.0.12,2,PROCESS_LOCAL,1481579079109,1481579080160,0,NOVAL,NOVAL,NOVAL,902,98,0,3452,0,0,3,ResultTask,Success
573,10.0.0.6,9,PROCESS_LOCAL,1481579079301,1481579080187,0,NOVAL,NOVAL,NOVAL,830,21,0,3451,0,0,3,ResultTask,Success
584,10.0.0.8,6,PROCESS_LOCAL,1481579079668,1481579080249,0,NOVAL,NOVAL,NOVAL,539,12,0,3451,0,0,3,ResultTask,Success
565,10.0.0.4,1,PROCESS_LOCAL,1481579079019,1481579080282,0,NOVAL,NOVAL,NOVAL,1146,38,0,3911,0,0,3,ResultTask,Success
568,10.0.0.13,11,PROCESS_LOCAL,1481579079090,1481579080329,0,NOVAL,NOVAL,NOVAL,1138,48,0,3826,0,0,3,ResultTask,Success
564,10.0.0.4,1,PROCESS_LOCAL,1481579078975,1481579080382,0,NOVAL,NOVAL,NOVAL,1340,42,0,3828,0,0,3,ResultTask,Success
577,10.0.0.5,10,PROCESS_LOCAL,1481579079379,1481579080460,0,NOVAL,NOVAL,NOVAL,980,30,0,3451,0,0,3,ResultTask,Success
575,10.0.0.12,8,PROCESS_LOCAL,1481579079351,1481579080482,0,NOVAL,NOVAL,NOVAL,961,149,0,3452,0,0,3,ResultTask,Success
579,10.0.0.13,5,PROCESS_LOCAL,1481579079543,1481579080495,0,NOVAL,NOVAL,NOVAL,872,34,0,3828,0,0,3,ResultTask,Success
580,10.0.0.5,10,PROCESS_LOCAL,1481579079552,1481579080511,0,NOVAL,NOVAL,NOVAL,921,17,0,3910,0,0,3,ResultTask,Success
587,10.0.0.8,6,PROCESS_LOCAL,1481579079811,1481579080525,0,NOVAL,NOVAL,NOVAL,685,14,0,3830,0,0,3,ResultTask,Success
578,10.0.0.6,3,PROCESS_LOCAL,1481579079412,1481579080551,0,NOVAL,NOVAL,NOVAL,967,145,0,3451,0,0,3,ResultTask,Success
581,10.0.0.13,5,PROCESS_LOCAL,1481579079583,1481579080560,0,NOVAL,NOVAL,NOVAL,913,36,0,3452,0,0,3,ResultTask,Success
585,10.0.0.5,4,PROCESS_LOCAL,1481579079693,1481579080589,0,NOVAL,NOVAL,NOVAL,828,34,0,3827,0,0,3,ResultTask,Success
572,10.0.0.4,7,PROCESS_LOCAL,1481579079279,1481579080603,0,NOVAL,NOVAL,NOVAL,1199,58,0,3451,0,0,3,ResultTask,Success
586,10.0.0.5,4,PROCESS_LOCAL,1481579079702,1481579080702,0,NOVAL,NOVAL,NOVAL,934,44,0,3824,0,0,3,ResultTask,Success
583,10.0.0.4,7,PROCESS_LOCAL,1481579079617,1481579080718,0,NOVAL,NOVAL,NOVAL,934,125,0,3828,0,0,3,ResultTask,Success
574,10.0.0.13,11,PROCESS_LOCAL,1481579079304,1481579080859,0,NOVAL,NOVAL,NOVAL,1375,145,0,3834,0,0,3,ResultTask,Success
582,10.0.0.6,3,PROCESS_LOCAL,1481579079592,1481579080904,0,NOVAL,NOVAL,NOVAL,1229,52,0,3830,0,0,3,ResultTask,Success
590,10.0.0.12,8,PROCESS_LOCAL,1481579080145,1481579081124,0,NOVAL,NOVAL,NOVAL,879,79,0,3452,0,0,3,ResultTask,Success
593,10.0.0.8,6,PROCESS_LOCAL,1481579080247,1481579081143,0,NOVAL,NOVAL,NOVAL,861,12,0,3832,0,0,3,ResultTask,Success
601,10.0.0.8,6,PROCESS_LOCAL,1481579080524,1481579081216,0,NOVAL,NOVAL,NOVAL,664,20,0,3825,0,0,3,ResultTask,Success
589,10.0.0.12,2,PROCESS_LOCAL,1481579080024,1481579081276,0,NOVAL,NOVAL,NOVAL,1098,76,0,3910,0,0,3,ResultTask,Success
595,10.0.0.13,11,PROCESS_LOCAL,1481579080328,1481579081278,0,NOVAL,NOVAL,NOVAL,815,27,0,3908,0,0,3,ResultTask,Success
594,10.0.0.4,1,PROCESS_LOCAL,1481579080279,1481579081312,0,NOVAL,NOVAL,NOVAL,994,25,0,3823,0,0,3,ResultTask,Success
596,10.0.0.4,1,PROCESS_LOCAL,1481579080381,1481579081349,0,NOVAL,NOVAL,NOVAL,885,54,0,3909,0,0,3,ResultTask,Success
605,10.0.0.4,7,PROCESS_LOCAL,1481579080602,1481579081379,0,NOVAL,NOVAL,NOVAL,685,72,0,3451,0,0,3,ResultTask,Success
591,10.0.0.12,2,PROCESS_LOCAL,1481579080159,1481579081424,0,NOVAL,NOVAL,NOVAL,1194,47,0,3452,0,0,3,ResultTask,Success
604,10.0.0.5,4,PROCESS_LOCAL,1481579080588,1481579081477,0,NOVAL,NOVAL,NOVAL,822,53,0,3451,0,0,3,ResultTask,Success
607,10.0.0.4,7,PROCESS_LOCAL,1481579080716,1481579081494,0,NOVAL,NOVAL,NOVAL,672,66,0,3827,0,0,3,ResultTask,Success
597,10.0.0.5,10,PROCESS_LOCAL,1481579080459,1481579081555,0,NOVAL,NOVAL,NOVAL,1027,46,0,3827,0,0,3,ResultTask,Success
606,10.0.0.5,4,PROCESS_LOCAL,1481579080700,1481579081575,0,NOVAL,NOVAL,NOVAL,708,67,0,3824,0,0,3,ResultTask,Success
592,10.0.0.6,9,PROCESS_LOCAL,1481579080186,1481579081580,0,NOVAL,NOVAL,NOVAL,1274,61,187,3828,0,0,3,ResultTask,Success
588,10.0.0.6,9,PROCESS_LOCAL,1481579079962,1481579081607,0,NOVAL,NOVAL,NOVAL,1499,30,187,3828,0,0,3,ResultTask,Success
600,10.0.0.5,10,PROCESS_LOCAL,1481579080510,1481579081617,0,NOVAL,NOVAL,NOVAL,1047,28,0,3910,0,0,3,ResultTask,Success
598,10.0.0.12,8,PROCESS_LOCAL,1481579080480,1481579081734,0,NOVAL,NOVAL,NOVAL,1084,124,0,3902,0,0,3,ResultTask,Success
602,10.0.0.6,3,PROCESS_LOCAL,1481579080549,1481579081790,0,NOVAL,NOVAL,NOVAL,1180,14,0,3986,0,0,3,ResultTask,Success
610,10.0.0.12,8,PROCESS_LOCAL,1481579081121,1481579081807,0,NOVAL,NOVAL,NOVAL,574,98,0,3452,0,0,3,ResultTask,Success
611,10.0.0.8,6,PROCESS_LOCAL,1481579081142,1481579081853,0,NOVAL,NOVAL,NOVAL,697,6,0,3827,0,0,3,ResultTask,Success
608,10.0.0.13,11,PROCESS_LOCAL,1481579080857,1481579081859,0,NOVAL,NOVAL,NOVAL,890,79,0,3830,0,0,3,ResultTask,Success
609,10.0.0.6,3,PROCESS_LOCAL,1481579080903,1481579081877,0,NOVAL,NOVAL,NOVAL,864,14,0,3832,0,0,3,ResultTask,Success
603,10.0.0.13,5,PROCESS_LOCAL,1481579080561,1481579081948,0,NOVAL,NOVAL,NOVAL,1309,21,0,3452,0,0,3,ResultTask,Success
599,10.0.0.13,5,PROCESS_LOCAL,1481579080493,1481579081960,0,NOVAL,NOVAL,NOVAL,1203,180,0,3911,0,0,3,ResultTask,Success
612,10.0.0.8,6,PROCESS_LOCAL,1481579081214,1481579081976,0,NOVAL,NOVAL,NOVAL,740,12,0,3451,0,0,3,ResultTask,Success
615,10.0.0.4,1,PROCESS_LOCAL,1481579081310,1481579082063,0,NOVAL,NOVAL,NOVAL,707,23,0,3451,0,0,3,ResultTask,Success
617,10.0.0.4,7,PROCESS_LOCAL,1481579081378,1481579082113,0,NOVAL,NOVAL,NOVAL,683,22,0,3831,0,0,3,ResultTask,Success
614,10.0.0.13,11,PROCESS_LOCAL,1481579081276,1481579082118,0,NOVAL,NOVAL,NOVAL,739,17,0,3452,0,0,3,ResultTask,Success
621,10.0.0.5,10,PROCESS_LOCAL,1481579081554,1481579082204,0,NOVAL,NOVAL,NOVAL,622,13,0,3451,0,0,3,ResultTask,Success
619,10.0.0.5,4,PROCESS_LOCAL,1481579081476,1481579082216,0,NOVAL,NOVAL,NOVAL,635,28,163,3451,0,0,3,ResultTask,Success
613,10.0.0.12,2,PROCESS_LOCAL,1481579081274,1481579082230,0,NOVAL,NOVAL,NOVAL,847,96,0,3982,0,0,3,ResultTask,Success
629,10.0.0.8,6,PROCESS_LOCAL,1481579081851,1481579082256,0,NOVAL,NOVAL,NOVAL,373,18,0,3832,0,0,3,ResultTask,Success
616,10.0.0.4,1,PROCESS_LOCAL,1481579081348,1481579082325,0,NOVAL,NOVAL,NOVAL,886,50,0,3830,0,0,3,ResultTask,Success
626,10.0.0.12,8,PROCESS_LOCAL,1481579081732,1481579082394,0,NOVAL,NOVAL,NOVAL,586,43,0,3829,0,0,3,ResultTask,Success
618,10.0.0.12,2,PROCESS_LOCAL,1481579081423,1481579082427,0,NOVAL,NOVAL,NOVAL,849,116,0,3910,0,0,3,ResultTask,Success
620,10.0.0.4,7,PROCESS_LOCAL,1481579081492,1481579082464,0,NOVAL,NOVAL,NOVAL,908,43,0,3451,0,0,3,ResultTask,Success
634,10.0.0.8,6,PROCESS_LOCAL,1481579081975,1481579082479,0,NOVAL,NOVAL,NOVAL,485,11,0,3985,0,0,3,ResultTask,Success
625,10.0.0.5,10,PROCESS_LOCAL,1481579081616,1481579082518,0,NOVAL,NOVAL,NOVAL,698,149,0,3904,0,0,3,ResultTask,Success
627,10.0.0.6,3,PROCESS_LOCAL,1481579081788,1481579082536,0,NOVAL,NOVAL,NOVAL,683,13,0,4064,0,0,3,ResultTask,Success
624,10.0.0.6,9,PROCESS_LOCAL,1481579081605,1481579082553,0,NOVAL,NOVAL,NOVAL,863,32,0,3829,0,0,3,ResultTask,Success
623,10.0.0.6,9,PROCESS_LOCAL,1481579081579,1481579082591,0,NOVAL,NOVAL,NOVAL,923,55,0,3827,0,0,3,ResultTask,Success
628,10.0.0.12,8,PROCESS_LOCAL,1481579081806,1481579082693,0,NOVAL,NOVAL,NOVAL,826,17,0,3452,0,0,3,ResultTask,Success
641,10.0.0.8,6,PROCESS_LOCAL,1481579082254,1481579082712,0,NOVAL,NOVAL,NOVAL,419,21,0,3832,0,0,3,ResultTask,Success
635,10.0.0.4,1,PROCESS_LOCAL,1481579082062,1481579082718,0,NOVAL,NOVAL,NOVAL,626,12,0,3451,0,0,3,ResultTask,Success
622,10.0.0.5,4,PROCESS_LOCAL,1481579081572,1481579082723,0,NOVAL,NOVAL,NOVAL,1058,70,163,3451,0,0,3,ResultTask,Success
631,10.0.0.6,3,PROCESS_LOCAL,1481579081876,1481579082756,0,NOVAL,NOVAL,NOVAL,645,212,0,3451,0,0,3,ResultTask,Success
632,10.0.0.13,5,PROCESS_LOCAL,1481579081947,1481579082890,0,NOVAL,NOVAL,NOVAL,903,18,0,3452,0,0,3,ResultTask,Success
639,10.0.0.5,4,PROCESS_LOCAL,1481579082214,1481579082960,0,NOVAL,NOVAL,NOVAL,652,12,0,3825,0,0,3,ResultTask,Success
633,10.0.0.13,5,PROCESS_LOCAL,1481579081959,1481579083026,0,NOVAL,NOVAL,NOVAL,950,90,0,3907,0,0,3,ResultTask,Success
638,10.0.0.5,10,PROCESS_LOCAL,1481579082200,1481579083057,0,NOVAL,NOVAL,NOVAL,768,35,0,3910,0,0,3,ResultTask,Success
646,10.0.0.8,6,PROCESS_LOCAL,1481579082478,1481579083158,0,NOVAL,NOVAL,NOVAL,660,11,0,3907,0,0,3,ResultTask,Success
642,10.0.0.4,1,PROCESS_LOCAL,1481579082323,1481579083215,0,NOVAL,NOVAL,NOVAL,803,59,0,3451,0,0,3,ResultTask,Success
644,10.0.0.12,2,PROCESS_LOCAL,1481579082426,1481579083256,0,NOVAL,NOVAL,NOVAL,723,29,0,3452,0,0,3,ResultTask,Success
640,10.0.0.12,2,PROCESS_LOCAL,1481579082228,1481579083257,0,NOVAL,NOVAL,NOVAL,889,102,0,3452,0,0,3,ResultTask,Success
648,10.0.0.6,3,PROCESS_LOCAL,1481579082534,1481579083313,0,NOVAL,NOVAL,NOVAL,737,29,0,3823,0,0,3,ResultTask,Success
652,10.0.0.8,6,PROCESS_LOCAL,1481579082710,1481579083335,0,NOVAL,NOVAL,NOVAL,594,23,0,3451,0,0,3,ResultTask,Success
630,10.0.0.13,11,PROCESS_LOCAL,1481579081858,1481579083350,0,NOVAL,NOVAL,NOVAL,1316,99,0,3834,0,0,3,ResultTask,Success
637,10.0.0.13,11,PROCESS_LOCAL,1481579082116,1481579083398,0,NOVAL,NOVAL,NOVAL,1072,134,0,3829,0,0,3,ResultTask,Success
650,10.0.0.6,9,PROCESS_LOCAL,1481579082590,1481579083404,0,NOVAL,NOVAL,NOVAL,711,76,0,3824,0,0,3,ResultTask,Success
643,10.0.0.12,8,PROCESS_LOCAL,1481579082392,1481579083446,0,NOVAL,NOVAL,NOVAL,916,104,0,3905,0,0,3,ResultTask,Success
651,10.0.0.12,8,PROCESS_LOCAL,1481579082691,1481579083471,0,NOVAL,NOVAL,NOVAL,680,81,0,3994,0,0,3,ResultTask,Success
649,10.0.0.6,9,PROCESS_LOCAL,1481579082551,1481579083514,0,NOVAL,NOVAL,NOVAL,910,19,0,3451,0,0,3,ResultTask,Success
636,10.0.0.4,7,PROCESS_LOCAL,1481579082112,1481579083526,0,NOVAL,NOVAL,NOVAL,1257,115,0,3451,0,0,3,ResultTask,Success
655,10.0.0.6,3,PROCESS_LOCAL,1481579082755,1481579083645,0,NOVAL,NOVAL,NOVAL,610,262,0,3451,0,0,3,ResultTask,Success
654,10.0.0.5,4,PROCESS_LOCAL,1481579082721,1481579083656,0,NOVAL,NOVAL,NOVAL,917,6,0,3830,0,0,3,ResultTask,Success
653,10.0.0.4,1,PROCESS_LOCAL,1481579082717,1481579083659,0,NOVAL,NOVAL,NOVAL,883,42,0,3830,0,0,3,ResultTask,Success
660,10.0.0.8,6,PROCESS_LOCAL,1481579083156,1481579083661,0,NOVAL,NOVAL,NOVAL,481,18,0,3451,0,0,3,ResultTask,Success
645,10.0.0.4,7,PROCESS_LOCAL,1481579082463,1481579083746,0,NOVAL,NOVAL,NOVAL,1149,78,128,3827,0,0,3,ResultTask,Success
656,10.0.0.13,5,PROCESS_LOCAL,1481579082888,1481579083752,0,NOVAL,NOVAL,NOVAL,820,27,0,3827,0,0,3,ResultTask,Success
665,10.0.0.8,6,PROCESS_LOCAL,1481579083334,1481579083754,0,NOVAL,NOVAL,NOVAL,402,12,0,3906,0,0,3,ResultTask,Success
647,10.0.0.5,10,PROCESS_LOCAL,1481579082517,1481579083808,0,NOVAL,NOVAL,NOVAL,1153,118,72,3912,0,0,3,ResultTask,Success
658,10.0.0.13,5,PROCESS_LOCAL,1481579083025,1481579083872,0,NOVAL,NOVAL,NOVAL,786,26,0,3828,0,0,3,ResultTask,Success
657,10.0.0.5,4,PROCESS_LOCAL,1481579082957,1481579083917,0,NOVAL,NOVAL,NOVAL,880,40,0,3914,0,0,3,ResultTask,Success
659,10.0.0.5,10,PROCESS_LOCAL,1481579083056,1481579083929,0,NOVAL,NOVAL,NOVAL,733,108,72,3831,0,0,3,ResultTask,Success
664,10.0.0.6,3,PROCESS_LOCAL,1481579083311,1481579083952,0,NOVAL,NOVAL,NOVAL,581,47,0,3451,0,0,3,ResultTask,Success
663,10.0.0.12,2,PROCESS_LOCAL,1481579083255,1481579084022,0,NOVAL,NOVAL,NOVAL,691,27,0,3452,0,0,3,ResultTask,Success
661,10.0.0.4,1,PROCESS_LOCAL,1481579083214,1481579084049,0,NOVAL,NOVAL,NOVAL,792,22,0,3826,0,0,3,ResultTask,Success
662,10.0.0.12,2,PROCESS_LOCAL,1481579083254,1481579084052,0,NOVAL,NOVAL,NOVAL,684,28,0,3830,0,0,3,ResultTask,Success
668,10.0.0.6,9,PROCESS_LOCAL,1481579083400,1481579084075,0,NOVAL,NOVAL,NOVAL,624,31,0,3831,0,0,3,ResultTask,Success
669,10.0.0.12,8,PROCESS_LOCAL,1481579083445,1481579084091,0,NOVAL,NOVAL,NOVAL,613,24,172,3830,0,0,3,ResultTask,Success
671,10.0.0.6,9,PROCESS_LOCAL,1481579083513,1481579084205,0,NOVAL,NOVAL,NOVAL,552,121,0,3828,0,0,3,ResultTask,Success
676,10.0.0.8,6,PROCESS_LOCAL,1481579083660,1481579084221,0,NOVAL,NOVAL,NOVAL,542,11,0,3826,0,0,3,ResultTask,Success
666,10.0.0.13,11,PROCESS_LOCAL,1481579083343,1481579084249,0,NOVAL,NOVAL,NOVAL,788,74,0,3824,0,0,3,ResultTask,Success
673,10.0.0.6,3,PROCESS_LOCAL,1481579083643,1481579084263,0,NOVAL,NOVAL,NOVAL,568,31,75,3823,0,0,3,ResultTask,Success
679,10.0.0.8,6,PROCESS_LOCAL,1481579083753,1481579084265,0,NOVAL,NOVAL,NOVAL,479,20,0,3833,0,0,3,ResultTask,Success
674,10.0.0.5,4,PROCESS_LOCAL,1481579083655,1481579084315,0,NOVAL,NOVAL,NOVAL,605,12,0,3451,0,0,3,ResultTask,Success
675,10.0.0.4,1,PROCESS_LOCAL,1481579083657,1481579084321,0,NOVAL,NOVAL,NOVAL,626,26,0,3451,0,0,3,ResultTask,Success
667,10.0.0.13,11,PROCESS_LOCAL,1481579083396,1481579084325,0,NOVAL,NOVAL,NOVAL,791,115,0,3452,0,0,3,ResultTask,Success
670,10.0.0.12,8,PROCESS_LOCAL,1481579083469,1481579084345,0,NOVAL,NOVAL,NOVAL,769,68,172,3452,0,0,3,ResultTask,Success
680,10.0.0.5,10,PROCESS_LOCAL,1481579083806,1481579084381,0,NOVAL,NOVAL,NOVAL,526,20,0,3451,0,0,3,ResultTask,Success
683,10.0.0.5,10,PROCESS_LOCAL,1481579083928,1481579084393,0,NOVAL,NOVAL,NOVAL,413,34,0,3451,0,0,3,ResultTask,Success
682,10.0.0.5,4,PROCESS_LOCAL,1481579083916,1481579084533,0,NOVAL,NOVAL,NOVAL,478,51,0,3451,0,0,3,ResultTask,Success
672,10.0.0.4,7,PROCESS_LOCAL,1481579083525,1481579084548,0,NOVAL,NOVAL,NOVAL,783,38,0,3451,0,0,3,ResultTask,Success
677,10.0.0.4,7,PROCESS_LOCAL,1481579083744,1481579084568,0,NOVAL,NOVAL,NOVAL,674,72,0,3451,0,0,3,ResultTask,Success
684,10.0.0.6,3,PROCESS_LOCAL,1481579083951,1481579084593,0,NOVAL,NOVAL,NOVAL,592,38,75,3451,0,0,3,ResultTask,Success
678,10.0.0.13,5,PROCESS_LOCAL,1481579083750,1481579084671,0,NOVAL,NOVAL,NOVAL,759,77,107,3915,0,0,3,ResultTask,Success
686,10.0.0.4,1,PROCESS_LOCAL,1481579084048,1481579084684,0,NOVAL,NOVAL,NOVAL,509,31,0,3451,0,0,3,ResultTask,Success
695,10.0.0.5,4,PROCESS_LOCAL,1481579084314,1481579084685,0,NOVAL,NOVAL,NOVAL,331,19,0,3830,0,0,3,ResultTask,Success
692,10.0.0.13,11,PROCESS_LOCAL,1481579084247,1481579084706,0,NOVAL,NOVAL,NOVAL,395,29,0,3452,0,0,3,ResultTask,Success
688,10.0.0.6,9,PROCESS_LOCAL,1481579084074,1481579084758,0,NOVAL,NOVAL,NOVAL,643,20,0,3824,0,0,3,ResultTask,Success
681,10.0.0.13,5,PROCESS_LOCAL,1481579083870,1481579084761,0,NOVAL,NOVAL,NOVAL,577,252,107,3828,0,0,3,ResultTask,Success
701,10.0.0.5,4,PROCESS_LOCAL,1481579084531,1481579084773,0,NOVAL,NOVAL,NOVAL,187,26,0,3451,0,0,3,ResultTask,Success
693,10.0.0.6,3,PROCESS_LOCAL,1481579084260,1481579084779,0,NOVAL,NOVAL,NOVAL,465,36,0,3451,0,0,3,ResultTask,Success
697,10.0.0.13,11,PROCESS_LOCAL,1481579084324,1481579084784,0,NOVAL,NOVAL,NOVAL,384,40,0,3828,0,0,3,ResultTask,Success
690,10.0.0.6,9,PROCESS_LOCAL,1481579084204,1481579084809,0,NOVAL,NOVAL,NOVAL,567,25,0,3451,0,0,3,ResultTask,Success
691,10.0.0.8,6,PROCESS_LOCAL,1481579084219,1481579084816,0,NOVAL,NOVAL,NOVAL,579,12,0,3451,0,0,3,ResultTask,Success
689,10.0.0.12,8,PROCESS_LOCAL,1481579084089,1481579084820,0,NOVAL,NOVAL,NOVAL,676,37,0,3827,0,0,3,ResultTask,Success
694,10.0.0.8,6,PROCESS_LOCAL,1481579084261,1481579084822,0,NOVAL,NOVAL,NOVAL,535,19,0,3451,0,0,3,ResultTask,Success
696,10.0.0.4,1,PROCESS_LOCAL,1481579084320,1481579084834,0,NOVAL,NOVAL,NOVAL,399,104,0,3827,0,0,3,ResultTask,Success
700,10.0.0.5,10,PROCESS_LOCAL,1481579084389,1481579084865,0,NOVAL,NOVAL,NOVAL,445,22,0,3830,0,0,3,ResultTask,Success
702,10.0.0.4,7,PROCESS_LOCAL,1481579084547,1481579084871,0,NOVAL,NOVAL,NOVAL,281,24,0,3830,0,0,3,ResultTask,Success
687,10.0.0.12,2,PROCESS_LOCAL,1481579084051,1481579084874,0,NOVAL,NOVAL,NOVAL,725,20,89,3828,0,0,3,ResultTask,Success
699,10.0.0.5,10,PROCESS_LOCAL,1481579084380,1481579084876,0,NOVAL,NOVAL,NOVAL,470,13,0,3451,0,0,3,ResultTask,Success
703,10.0.0.4,7,PROCESS_LOCAL,1481579084567,1481579084885,0,NOVAL,NOVAL,NOVAL,286,18,0,3828,0,0,3,ResultTask,Success
698,10.0.0.12,8,PROCESS_LOCAL,1481579084343,1481579084895,0,NOVAL,NOVAL,NOVAL,450,39,0,3452,0,0,3,ResultTask,Success
685,10.0.0.12,2,PROCESS_LOCAL,1481579084018,1481579084908,0,NOVAL,NOVAL,NOVAL,728,94,89,3452,0,0,3,ResultTask,Success
